樣品名稱,分析項,每100克含量
小麥,脂肪,2.6
小麥,蛋白質,14.1
小麥,碳水化合物,69.2
小麥胚芽,脂肪,11.6
小麥胚芽,蛋白質,31.4
小麥胚芽,碳水化合物,47.9
全麥麵粉,脂肪,1.7
全麥麵粉,蛋白質,13
全麥麵粉,碳水化合物,71.4
中筋麵粉,脂肪,1.3
中筋麵粉,蛋白質,11.5
中筋麵粉,碳水化合物,74.1
低筋麵粉,脂肪,1.2
低筋麵粉,蛋白質,8.1
低筋麵粉,碳水化合物,78.2
高筋麵粉,脂肪,1.2
高筋麵粉,蛋白質,12.9
高筋麵粉,碳水化合物,73.1
麵包粉,脂肪,1.5
麵包粉,蛋白質,14.4
麵包粉,碳水化合物,74.6
麵茶粉,脂肪,7
麵茶粉,蛋白質,7.2
麵茶粉,碳水化合物,82.9
水餃皮,脂肪,0.5
水餃皮,蛋白質,7.8
水餃皮,碳水化合物,57
麵腸,脂肪,1.9
麵腸,蛋白質,20.6
麵腸,碳水化合物,9.7
小米,脂肪,3.7
小米,蛋白質,11.3
小米,碳水化合物,71.7
大麥仁,脂肪,1.6
大麥仁,蛋白質,8.9
大麥仁,碳水化合物,76.1
衛生油麵,脂肪,1.8
衛生油麵,蛋白質,5.5
衛生油麵,碳水化合物,31.2
油麵條,脂肪,1.2
油麵條,蛋白質,11.4
油麵條,碳水化合物,76.3
通心麵,脂肪,1.4
通心麵,蛋白質,13.8
通心麵,碳水化合物,72.6
雞絲麵,脂肪,22.8
雞絲麵,蛋白質,9.4
雞絲麵,碳水化合物,55
長麵線,脂肪,1.1
長麵線,蛋白質,10.7
長麵線,碳水化合物,64.3
乾麵條,脂肪,1.4
乾麵條,蛋白質,11.5
乾麵條,碳水化合物,74.6
麵筋,脂肪,53
麵筋,蛋白質,42.5
麵筋,碳水化合物,0
高梁,脂肪,3
高梁,蛋白質,11
高梁,碳水化合物,73.6
粳米(高雄142號),脂肪,0.6
粳米(高雄142號),蛋白質,7
粳米(高雄142號),碳水化合物,77.7
秈米(台中在來2號),脂肪,1
秈米(台中在來2號),蛋白質,8.2
秈米(台中在來2號),碳水化合物,76.3
秈米(台中秈10號),脂肪,0.7
秈米(台中秈10號),蛋白質,7.4
秈米(台中秈10號),碳水化合物,78.5
粳米(台粳2號),脂肪,0.5
粳米(台粳2號),蛋白質,7.2
粳米(台粳2號),碳水化合物,78.7
細米粉,脂肪,0.6
細米粉,蛋白質,0.4
細米粉,碳水化合物,87.2
米苔目,脂肪,0.1
米苔目,蛋白質,0.6
米苔目,碳水化合物,29.6
燕麥,脂肪,10.2
燕麥,蛋白質,10.9
燕麥,碳水化合物,67.4
燕麥片,脂肪,9.7
燕麥片,蛋白質,12.3
燕麥片,碳水化合物,64.1
蕎麥,脂肪,2.9
蕎麥,蛋白質,11
蕎麥,碳水化合物,71.3
薏仁,脂肪,6
薏仁,蛋白質,14.1
薏仁,碳水化合物,66.2
糙秈米,脂肪,3.2
糙秈米,蛋白質,7.3
糙秈米,碳水化合物,73.6
糙米粉,脂肪,3.2
糙米粉,蛋白質,11.3
糙米粉,碳水化合物,78.1
黑秈糯米,脂肪,3.5
黑秈糯米,蛋白質,10.1
黑秈糯米,碳水化合物,70.1
白秈糯米(台中糯70號秈米),脂肪,0.9
白秈糯米(台中糯70號秈米),蛋白質,7.9
白秈糯米(台中糯70號秈米),碳水化合物,78.4
白粳糯米(台粳糯1號粳米),脂肪,1.1
白粳糯米(台粳糯1號粳米),蛋白質,8.2
白粳糯米(台粳糯1號粳米),碳水化合物,76.8
大麥片,脂肪,1.8
大麥片,蛋白質,8.6
大麥片,碳水化合物,76.7
拉麵,脂肪,0.8
拉麵,蛋白質,9.1
拉麵,碳水化合物,62.1
鍋燒麵,脂肪,0.4
鍋燒麵,蛋白質,4.5
鍋燒麵,碳水化合物,24.6
玉米胚芽,脂肪,0.9
玉米胚芽,蛋白質,7
玉米胚芽,碳水化合物,80.3
乾玉米粒,脂肪,3.9
乾玉米粒,蛋白質,10.9
乾玉米粒,碳水化合物,72.2
玉米粒罐頭,脂肪,1.4
玉米粒罐頭,蛋白質,2.3
玉米粒罐頭,碳水化合物,16.9
玉米醬罐頭,脂肪,0.4
玉米醬罐頭,蛋白質,1.4
玉米醬罐頭,碳水化合物,14
白粳糯米(台中189號粳米),脂肪,0.5
白粳糯米(台中189號粳米),蛋白質,8.4
白粳糯米(台中189號粳米),碳水化合物,78
秈米粉,脂肪,0.4
秈米粉,蛋白質,4.2
秈米粉,碳水化合物,83.4
白糯米粉,脂肪,0.4
白糯米粉,蛋白質,4.5
白糯米粉,碳水化合物,82.3
糙米麩,脂肪,3.3
糙米麩,蛋白質,7.8
糙米麩,碳水化合物,81.4
薏仁粉,脂肪,3.5
薏仁粉,蛋白質,10.9
薏仁粉,碳水化合物,80
粳米(台中189號),脂肪,0.6
粳米(台中189號),蛋白質,7.5
粳米(台中189號),碳水化合物,78.1
濁水米粉,脂肪,1.3
濁水米粉,蛋白質,5.3
濁水米粉,碳水化合物,81.1
埔里米粉,脂肪,0.5
埔里米粉,蛋白質,0.5
埔里米粉,碳水化合物,87.7
加鈣米,脂肪,0.7
加鈣米,蛋白質,7.4
加鈣米,碳水化合物,77.7
免煮飯,脂肪,0.3
免煮飯,蛋白質,3.2
免煮飯,碳水化合物,37
米漿粉,脂肪,12.3
米漿粉,蛋白質,9.1
米漿粉,碳水化合物,74.3
白飯,脂肪,0.3
白飯,蛋白質,3.1
白飯,碳水化合物,41
雞蛋麵,脂肪,0.9
雞蛋麵,蛋白質,12.5
雞蛋麵,碳水化合物,74.8
菠菜條,脂肪,1.2
菠菜條,蛋白質,11.8
菠菜條,碳水化合物,74.4
紅蘿蔔麵,脂肪,1
紅蘿蔔麵,蛋白質,12.1
紅蘿蔔麵,碳水化合物,73.8
刀削麵,脂肪,0.9
刀削麵,蛋白質,8.4
刀削麵,碳水化合物,56.2
鍋燒意麵,脂肪,22.8
鍋燒意麵,蛋白質,10
鍋燒意麵,碳水化合物,58.5
高纖米,脂肪,2.5
高纖米,蛋白質,8.3
高纖米,碳水化合物,75.2
即食燕麥片,脂肪,9.6
即食燕麥片,蛋白質,11.9
即食燕麥片,碳水化合物,67.9
糯高梁,脂肪,1
糯高梁,蛋白質,10.7
糯高梁,碳水化合物,75.7
糯小米,脂肪,1.5
糯小米,蛋白質,12.5
糯小米,碳水化合物,72.5
意麵,脂肪,1
意麵,蛋白質,10.1
意麵,碳水化合物,60.1
蚵仔麵線,脂肪,1.4
蚵仔麵線,蛋白質,11.3
蚵仔麵線,碳水化合物,62.3
甜玉米,脂肪,2.5
甜玉米,蛋白質,3.3
甜玉米,碳水化合物,17.8
冷凍玉米粒,脂肪,8.2
冷凍玉米粒,蛋白質,3.1
冷凍玉米粒,碳水化合物,22.5
白玉米,脂肪,0.6
白玉米,蛋白質,3.4
白玉米,碳水化合物,11.4
胚芽粳米(台粳9號),脂肪,1.5
胚芽粳米(台粳9號),蛋白質,9.1
胚芽粳米(台粳9號),碳水化合物,76.5
粿仔條,脂肪,1.2
粿仔條,蛋白質,0.5
粿仔條,碳水化合物,45
粳米(台粳8號),脂肪,0.4
粳米(台粳8號),蛋白質,6.9
粳米(台粳8號),碳水化合物,78.8
粳米(台粳9號),脂肪,0.6
粳米(台粳9號),蛋白質,6.6
粳米(台粳9號),碳水化合物,78.2
胚芽秈米(台中秈10號),脂肪,2.1
胚芽秈米(台中秈10號),蛋白質,8.3
胚芽秈米(台中秈10號),碳水化合物,76.1
粳米(高雄139號),脂肪,1.2
粳米(高雄139號),蛋白質,6.1
粳米(高雄139號),碳水化合物,78.5
黑麥片,脂肪,1.2
黑麥片,蛋白質,7.8
黑麥片,碳水化合物,77.3
餛飩皮,脂肪,0.5
餛飩皮,蛋白質,8.3
餛飩皮,碳水化合物,58.2
春捲皮,脂肪,0.7
春捲皮,蛋白質,8.3
春捲皮,碳水化合物,50.4
米胚芽,脂肪,12.7
米胚芽,蛋白質,17
米胚芽,碳水化合物,52.9
糙粳米(台粳9號),脂肪,2.3
糙粳米(台粳9號),蛋白質,7.4
糙粳米(台粳9號),碳水化合物,76.6
玉米粉,脂肪,0.4
玉米粉,蛋白質,0.3
玉米粉,碳水化合物,88.3
大麥仁粉,脂肪,1.3
大麥仁粉,蛋白質,7.1
大麥仁粉,碳水化合物,85
越光米,脂肪,1
越光米,蛋白質,7.6
越光米,碳水化合物,73.3
紅糯米,脂肪,2.8
紅糯米,蛋白質,9.9
紅糯米,碳水化合物,72.6
糙薏仁,脂肪,7.4
糙薏仁,蛋白質,13.7
糙薏仁,碳水化合物,65.9
去筋麵粉,脂肪,0.1
去筋麵粉,蛋白質,0.2
去筋麵粉,碳水化合物,85.7
野生紅米,脂肪,2.6
野生紅米,蛋白質,7.7
野生紅米,碳水化合物,74.7
蓮藕粉,脂肪,0.1
蓮藕粉,蛋白質,0.1
蓮藕粉,碳水化合物,88.3
甘薯粉,脂肪,0.2
甘薯粉,蛋白質,1
甘薯粉,碳水化合物,85.5
馬鈴薯粉,脂肪,0.1
馬鈴薯粉,蛋白質,0.1
馬鈴薯粉,碳水化合物,83.8
木薯粉,脂肪,0.2
木薯粉,蛋白質,0.1
木薯粉,碳水化合物,87.3
油炸脫水甘薯,脂肪,30.1
油炸脫水甘薯,蛋白質,2.3
油炸脫水甘薯,碳水化合物,61.2
冷凍芋頭塊,脂肪,4.3
冷凍芋頭塊,蛋白質,2.2
冷凍芋頭塊,碳水化合物,24.9
馬鈴薯條,脂肪,4.8
馬鈴薯條,蛋白質,2.2
馬鈴薯條,碳水化合物,25.2
甘薯條,脂肪,7.7
甘薯條,蛋白質,1.8
甘薯條,碳水化合物,27.8
芋頭粉,脂肪,0
芋頭粉,蛋白質,0.1
芋頭粉,碳水化合物,83.1
荸薺粉,脂肪,0.2
荸薺粉,蛋白質,0.4
荸薺粉,碳水化合物,87.8
豆薯,脂肪,0.1
豆薯,蛋白質,0.7
豆薯,碳水化合物,6.8
甘薯蜜餞,脂肪,0.6
甘薯蜜餞,蛋白質,0.9
甘薯蜜餞,碳水化合物,84.3
芋頭,脂肪,1.1
芋頭,蛋白質,2.5
芋頭,碳水化合物,26.4
馬鈴薯,脂肪,0.2
馬鈴薯,蛋白質,2.6
馬鈴薯,碳水化合物,15.8
紅馬鈴薯(粉紅珍珠馬鈴薯),脂肪,0
紅馬鈴薯(粉紅珍珠馬鈴薯),蛋白質,1.6
紅馬鈴薯(粉紅珍珠馬鈴薯),碳水化合物,14.4
芋心甘薯,脂肪,0.1
芋心甘薯,蛋白質,1.1
芋心甘薯,碳水化合物,28.5
荸薺,脂肪,0.1
荸薺,蛋白質,1.7
荸薺,碳水化合物,14.5
熟蓮藕,脂肪,0.1
熟蓮藕,蛋白質,1.1
熟蓮藕,碳水化合物,11
蓮藕,脂肪,0.2
蓮藕,蛋白質,2
蓮藕,碳水化合物,13.5
紅肉甘薯,脂肪,0.2
紅肉甘薯,蛋白質,1.8
紅肉甘薯,碳水化合物,25.4
黃肉甘薯,脂肪,0.2
黃肉甘薯,蛋白質,1.3
黃肉甘薯,碳水化合物,27.8
檳榔心芋,脂肪,0
檳榔心芋,蛋白質,1.3
檳榔心芋,碳水化合物,28.1
小芋頭(山芋),脂肪,1.2
小芋頭(山芋),蛋白質,2.3
小芋頭(山芋),碳水化合物,22.8
小馬鈴薯(珍珠馬鈴薯),脂肪,0
小馬鈴薯(珍珠馬鈴薯),蛋白質,1.7
小馬鈴薯(珍珠馬鈴薯),碳水化合物,12.8
山藥(台農1號),脂肪,0.1
山藥(台農1號),蛋白質,2.6
山藥(台農1號),碳水化合物,19.9
山藥(台農2號),脂肪,0.1
山藥(台農2號),蛋白質,3.2
山藥(台農2號),碳水化合物,19.9
山藥(花蓮3號),脂肪,0.1
山藥(花蓮3號),蛋白質,1.7
山藥(花蓮3號),碳水化合物,20.9
紅薯,脂肪,0.1
紅薯,蛋白質,2.8
紅薯,碳水化合物,19.6
山藥(大汕1號),脂肪,0.1
山藥(大汕1號),蛋白質,2.4
山藥(大汕1號),碳水化合物,17
山藥(大汕3號),脂肪,0.1
山藥(大汕3號),蛋白質,2.6
山藥(大汕3號),碳水化合物,15
山藥(大刺),脂肪,0.1
山藥(大刺),蛋白質,3.5
山藥(大刺),碳水化合物,17.1
山藥(二刺),脂肪,0.1
山藥(二刺),蛋白質,2.7
山藥(二刺),碳水化合物,18.9
山藥(青森),脂肪,0.2
山藥(青森),蛋白質,2.6
山藥(青森),碳水化合物,19.9
山藥(宜蘭原生種),脂肪,0.2
山藥(宜蘭原生種),蛋白質,4.8
山藥(宜蘭原生種),碳水化合物,29.1
山藥(尖石原生種),脂肪,0.1
山藥(尖石原生種),蛋白質,3.1
山藥(尖石原生種),碳水化合物,12.4
山藥(中國長品),脂肪,0.1
山藥(中國長品),蛋白質,2.5
山藥(中國長品),碳水化合物,15.5
山藥(白皮削),脂肪,0.1
山藥(白皮削),蛋白質,2.5
山藥(白皮削),碳水化合物,15.7
山藥(高田),脂肪,0.1
山藥(高田),蛋白質,3.1
山藥(高田),碳水化合物,14
蒜味杏仁果,脂肪,53.6
蒜味杏仁果,蛋白質,23.3
蒜味杏仁果,碳水化合物,18
杏仁茶沖泡包,脂肪,5.2
杏仁茶沖泡包,蛋白質,3.5
杏仁茶沖泡包,碳水化合物,84.7
玉桂西瓜子,脂肪,34.4
玉桂西瓜子,蛋白質,31.1
玉桂西瓜子,碳水化合物,23.8
調味南瓜子(帶殼),脂肪,47.2
調味南瓜子(帶殼),蛋白質,25.9
調味南瓜子(帶殼),碳水化合物,19.5
甘草葵瓜子(帶殼),脂肪,39.3
甘草葵瓜子(帶殼),蛋白質,26.8
甘草葵瓜子(帶殼),碳水化合物,25.8
白芝麻(生),脂肪,54.9
白芝麻(生),蛋白質,22.3
白芝麻(生),碳水化合物,15
黑芝麻(生),脂肪,48.1
黑芝麻(生),蛋白質,22.2
黑芝麻(生),碳水化合物,17.6
黑芝麻粉,脂肪,55.2
黑芝麻粉,蛋白質,15.7
黑芝麻粉,碳水化合物,20.8
芝麻糊沖泡包,脂肪,15.4
芝麻糊沖泡包,蛋白質,9.3
芝麻糊沖泡包,碳水化合物,70.7
紅土花生(熟),脂肪,42.2
紅土花生(熟),蛋白質,30.9
紅土花生(熟),碳水化合物,21.1
花生仁湯,脂肪,5.1
花生仁湯,蛋白質,2.8
花生仁湯,碳水化合物,12.7
油炸花生仁,脂肪,48.4
油炸花生仁,蛋白質,28.9
油炸花生仁,碳水化合物,18
蛋酥花生仁,脂肪,43.8
蛋酥花生仁,蛋白質,21.1
蛋酥花生仁,碳水化合物,31.8
栗子(生),脂肪,1.4
栗子(生),蛋白質,4.6
栗子(生),碳水化合物,57.9
糖炒栗子,脂肪,0.8
糖炒栗子,蛋白質,4.2
糖炒栗子,碳水化合物,46.3
生蓮子,脂肪,1.2
生蓮子,蛋白質,21.8
生蓮子,碳水化合物,60.9
開心果,脂肪,52.7
開心果,蛋白質,22.4
開心果,碳水化合物,20.1
無花果,脂肪,4.3
無花果,蛋白質,3.6
無花果,碳水化合物,77.8
腰果(生),脂肪,45.5
腰果(生),蛋白質,18.3
腰果(生),碳水化合物,30.3
蜜汁腰果,脂肪,43.6
蜜汁腰果,蛋白質,17.6
蜜汁腰果,碳水化合物,34.3
松子仁,脂肪,69.5
松子仁,蛋白質,16.6
松子仁,碳水化合物,9.4
蜜汁松子仁,脂肪,62.4
蜜汁松子仁,蛋白質,14.9
蜜汁松子仁,碳水化合物,19
生核桃,脂肪,67.9
生核桃,蛋白質,15.4
生核桃,碳水化合物,11.2
鹽酥夏威夷豆,脂肪,76.3
鹽酥夏威夷豆,蛋白質,9.4
鹽酥夏威夷豆,碳水化合物,12
愛玉子,脂肪,12.5
愛玉子,蛋白質,12.2
愛玉子,碳水化合物,63.7
山粉圓,脂肪,12.8
山粉圓,蛋白質,16.3
山粉圓,碳水化合物,58
生鮮花生仁,脂肪,38.5
生鮮花生仁,蛋白質,28.8
生鮮花生仁,碳水化合物,20.6
原味愛玉凍,脂肪,
原味愛玉凍,蛋白質,
原味愛玉凍,碳水化合物,0.4
檸檬愛玉凍,脂肪,
檸檬愛玉凍,蛋白質,
檸檬愛玉凍,碳水化合物,13.1
麻醬,脂肪,52.8
麻醬,蛋白質,20.8
麻醬,碳水化合物,21.3
花生醬,脂肪,54.3
花生醬,蛋白質,24
花生醬,碳水化合物,17.9
生鮮蓮子,脂肪,0.5
生鮮蓮子,蛋白質,9.3
生鮮蓮子,碳水化合物,25.6
冷凍帶殼花生(生),脂肪,27.4
冷凍帶殼花生(生),蛋白質,17.2
冷凍帶殼花生(生),碳水化合物,13.3
糖漬花生仁,脂肪,23.3
糖漬花生仁,蛋白質,14.2
糖漬花生仁,碳水化合物,28.8
醃漬花生仁,脂肪,26
醃漬花生仁,蛋白質,10.6
醃漬花生仁,碳水化合物,2.9
花生粉,脂肪,39.4
花生粉,蛋白質,34
花生粉,碳水化合物,21.9
紫玉米,脂肪,1
紫玉米,蛋白質,4.5
紫玉米,碳水化合物,34.4
雙色水果玉米,脂肪,2.6
雙色水果玉米,蛋白質,3.1
雙色水果玉米,碳水化合物,17.5
糖漬蓮子,脂肪,0.1
糖漬蓮子,蛋白質,5.7
糖漬蓮子,碳水化合物,51.4
"雪蓮子(大粒,埃及豆)",脂肪,5.8
"雪蓮子(大粒,埃及豆)",蛋白質,19.4
"雪蓮子(大粒,埃及豆)",碳水化合物,61
雪蓮子(小粒),脂肪,0.5
雪蓮子(小粒),蛋白質,4.7
雪蓮子(小粒),碳水化合物,82.1
杏仁粉,脂肪,36.4
杏仁粉,蛋白質,9.7
杏仁粉,碳水化合物,47.1
白芝麻(熟),脂肪,58.7
白芝麻(熟),蛋白質,20.3
白芝麻(熟),碳水化合物,15.7
黑芝麻(熟),脂肪,54.4
黑芝麻(熟),蛋白質,17.3
黑芝麻(熟),碳水化合物,20.6
鹽酥花生(熟),脂肪,38.1
鹽酥花生(熟),蛋白質,28.2
鹽酥花生(熟),碳水化合物,28.1
杏仁片(生),脂肪,47.8
杏仁片(生),蛋白質,27.3
杏仁片(生),碳水化合物,17
醬油西瓜子,脂肪,37.7
醬油西瓜子,蛋白質,29.5
醬油西瓜子,碳水化合物,22.5
鹽酥葵瓜子(帶殼),脂肪,49.3
鹽酥葵瓜子(帶殼),蛋白質,25.9
鹽酥葵瓜子(帶殼),碳水化合物,17.8
帶膜花生仁(生),脂肪,38.1
帶膜花生仁(生),蛋白質,23.6
帶膜花生仁(生),碳水化合物,28.4
鹽酥花生仁,脂肪,35.9
鹽酥花生仁,蛋白質,28.8
鹽酥花生仁,碳水化合物,29.6
去膜花生仁(生),脂肪,45.4
去膜花生仁(生),蛋白質,28.8
去膜花生仁(生),碳水化合物,19.1
白柚,脂肪,0.2
白柚,蛋白質,0.6
白柚,碳水化合物,9.6
長果金柑,脂肪,0.2
長果金柑,蛋白質,1
長果金柑,碳水化合物,14.1
柳橙,脂肪,0.1
柳橙,蛋白質,0.8
柳橙,碳水化合物,11
香吉士(進口),脂肪,0.5
香吉士(進口),蛋白質,0.7
香吉士(進口),碳水化合物,11.4
圓果金柑,脂肪,0.2
圓果金柑,蛋白質,0.7
圓果金柑,碳水化合物,7.6
椪柑,脂肪,0.2
椪柑,蛋白質,0.8
椪柑,碳水化合物,10
海梨桶柑,脂肪,0.1
海梨桶柑,蛋白質,0.9
海梨桶柑,碳水化合物,11
黃皮葡萄柚,脂肪,0.2
黃皮葡萄柚,蛋白質,0.7
黃皮葡萄柚,碳水化合物,9.2
檸檬,脂肪,0.5
檸檬,蛋白質,0.7
檸檬,碳水化合物,7.3
美國五爪蘋果,脂肪,0.1
美國五爪蘋果,蛋白質,0.2
美國五爪蘋果,碳水化合物,13.8
富士蘋果,脂肪,0.1
富士蘋果,蛋白質,0.2
富士蘋果,碳水化合物,13.1
土芒果,脂肪,0.3
土芒果,蛋白質,0.6
土芒果,碳水化合物,13.8
金煌芒果,脂肪,0.2
金煌芒果,蛋白質,0.8
金煌芒果,碳水化合物,13
海頓芒果,脂肪,0.2
海頓芒果,蛋白質,0.4
海頓芒果,碳水化合物,15.7
愛文芒果,脂肪,0.2
愛文芒果,蛋白質,0.4
愛文芒果,碳水化合物,11
小玉西瓜,脂肪,0.1
小玉西瓜,蛋白質,0.8
小玉西瓜,碳水化合物,8.6
狀元瓜,脂肪,0.1
狀元瓜,蛋白質,0.7
狀元瓜,碳水化合物,6.6
美濃瓜,脂肪,0.2
美濃瓜,蛋白質,1.1
美濃瓜,碳水化合物,8.8
新疆哈蜜瓜,脂肪,0.1
新疆哈蜜瓜,蛋白質,0.7
新疆哈蜜瓜,碳水化合物,6.9
玫瑰桃,脂肪,0.1
玫瑰桃,蛋白質,1.2
玫瑰桃,碳水化合物,12.8
櫻桃,脂肪,0.3
櫻桃,蛋白質,1.2
櫻桃,碳水化合物,19.1
山竹,脂肪,0.3
山竹,蛋白質,0.6
山竹,碳水化合物,18.1
土芭樂,脂肪,0.1
土芭樂,蛋白質,0.7
土芭樂,碳水化合物,10
百香果,脂肪,2.4
百香果,蛋白質,2.2
百香果,碳水化合物,10.7
紅毛丹,脂肪,0.7
紅毛丹,蛋白質,1
紅毛丹,碳水化合物,17.9
枇杷,脂肪,0.2
枇杷,蛋白質,0.3
枇杷,碳水化合物,9.8
泰國芭樂,脂肪,0.1
泰國芭樂,蛋白質,0.8
泰國芭樂,碳水化合物,9.7
榴槤,脂肪,1.6
榴槤,蛋白質,2.6
榴槤,碳水化合物,31.6
龍眼,脂肪,0.5
龍眼,蛋白質,1.1
龍眼,碳水化合物,17.9
龍眼乾,脂肪,0.7
龍眼乾,蛋白質,5.1
龍眼乾,碳水化合物,70.7
釋迦,脂肪,0.1
釋迦,蛋白質,2.2
釋迦,碳水化合物,26.6
蛋黃果,脂肪,0.3
蛋黃果,蛋白質,1.4
蛋黃果,碳水化合物,27.3
南華蕉,脂肪,0.1
南華蕉,蛋白質,1.1
南華蕉,碳水化合物,33.2
金蘭西瓜,脂肪,0
金蘭西瓜,蛋白質,0.6
金蘭西瓜,碳水化合物,6
紅鈴西瓜,脂肪,0.1
紅鈴西瓜,蛋白質,0.8
紅鈴西瓜,碳水化合物,8.5
黑美人西瓜,脂肪,0.1
黑美人西瓜,蛋白質,0.9
黑美人西瓜,碳水化合物,9.1
皇宮西瓜,脂肪,0.1
皇宮西瓜,蛋白質,0.7
皇宮西瓜,碳水化合物,8.1
木瓜(8月取樣),脂肪,0
木瓜(8月取樣),蛋白質,0.5
木瓜(8月取樣),碳水化合物,8.8
北蕉(9月取樣),脂肪,0
北蕉(9月取樣),蛋白質,1.3
北蕉(9月取樣),碳水化合物,16.6
北蕉(2月取樣),脂肪,0
北蕉(2月取樣),蛋白質,1.3
北蕉(2月取樣),碳水化合物,24.6
北蕉(5月取樣),脂肪,0.2
北蕉(5月取樣),蛋白質,1.6
北蕉(5月取樣),碳水化合物,23.7
北蕉(11月取樣),脂肪,0.1
北蕉(11月取樣),蛋白質,1.6
北蕉(11月取樣),碳水化合物,23.4
紅皮蕉,脂肪,0.2
紅皮蕉,蛋白質,1.3
紅皮蕉,碳水化合物,25.5
木瓜(2月取樣),脂肪,0.1
木瓜(2月取樣),蛋白質,0.7
木瓜(2月取樣),碳水化合物,7.7
木瓜(5月取樣),脂肪,0.1
木瓜(5月取樣),蛋白質,0.7
木瓜(5月取樣),碳水化合物,11.3
木瓜(11月取樣),脂肪,0.1
木瓜(11月取樣),蛋白質,0.4
木瓜(11月取樣),碳水化合物,11.8
華寶大西瓜(花蓮),脂肪,0.1
華寶大西瓜(花蓮),蛋白質,0.7
華寶大西瓜(花蓮),碳水化合物,8.4
無子西瓜,脂肪,0
無子西瓜,蛋白質,0.9
無子西瓜,碳水化合物,8.2
蜜世界洋香瓜,脂肪,0.1
蜜世界洋香瓜,蛋白質,0.7
蜜世界洋香瓜,碳水化合物,7.1
天香洋香瓜,脂肪,0
天香洋香瓜,蛋白質,0.8
天香洋香瓜,碳水化合物,11.6
太陽洋香瓜,脂肪,0
太陽洋香瓜,蛋白質,1.2
太陽洋香瓜,碳水化合物,7.8
藍寶石洋香瓜,脂肪,0
藍寶石洋香瓜,蛋白質,1.1
藍寶石洋香瓜,碳水化合物,8.2
秋香洋香瓜,脂肪,0
秋香洋香瓜,蛋白質,1
秋香洋香瓜,碳水化合物,8.4
黃香瓜,脂肪,0.2
黃香瓜,蛋白質,0.6
黃香瓜,碳水化合物,7.5
世紀芭樂,脂肪,0.1
世紀芭樂,蛋白質,0.7
世紀芭樂,碳水化合物,10.3
無子芭樂,脂肪,0
無子芭樂,蛋白質,0.7
無子芭樂,碳水化合物,8.6
珍珠芭樂,脂肪,0.2
珍珠芭樂,蛋白質,0.7
珍珠芭樂,碳水化合物,10.6
牛乳芭樂,脂肪,0.1
牛乳芭樂,蛋白質,0.5
牛乳芭樂,碳水化合物,8.5
肯特芒果,脂肪,0.2
肯特芒果,蛋白質,0.5
肯特芒果,碳水化合物,12.7
黑香芒果,脂肪,0.3
黑香芒果,蛋白質,0.8
黑香芒果,碳水化合物,16.9
四季芒果,脂肪,0.2
四季芒果,蛋白質,0.6
四季芒果,碳水化合物,15.6
蓮花芒果,脂肪,0.2
蓮花芒果,蛋白質,0.4
蓮花芒果,碳水化合物,12.2
金興芒果,脂肪,0.1
金興芒果,蛋白質,0.6
金興芒果,碳水化合物,10.6
甜蜜蜜鳳梨,脂肪,0.1
甜蜜蜜鳳梨,蛋白質,1
甜蜜蜜鳳梨,碳水化合物,10.6
突目1號鳳梨,脂肪,0.2
突目1號鳳梨,蛋白質,0.6
突目1號鳳梨,碳水化合物,14.5
甘蔗鳳梨,脂肪,0.1
甘蔗鳳梨,蛋白質,0.7
甘蔗鳳梨,碳水化合物,15.1
牛奶鳳梨,脂肪,0.3
牛奶鳳梨,蛋白質,0.8
牛奶鳳梨,碳水化合物,15.4
楊桃(9月取樣),脂肪,0
楊桃(9月取樣),蛋白質,0.5
楊桃(9月取樣),碳水化合物,8.8
楊桃(2月取樣),脂肪,0.1
楊桃(2月取樣),蛋白質,0.4
楊桃(2月取樣),碳水化合物,7.6
楊桃(5月取樣),脂肪,0.1
楊桃(5月取樣),蛋白質,0.6
楊桃(5月取樣),碳水化合物,8.7
楊桃(11月取樣),脂肪,0
楊桃(11月取樣),蛋白質,0.4
楊桃(11月取樣),碳水化合物,8
黑珍珠蓮霧,脂肪,0.1
黑珍珠蓮霧,蛋白質,0.4
黑珍珠蓮霧,碳水化合物,10.2
黑金剛蓮霧,脂肪,0.1
黑金剛蓮霧,蛋白質,0.5
黑金剛蓮霧,碳水化合物,8.8
檸檬汁(綠皮),脂肪,0.6
檸檬汁(綠皮),蛋白質,0.4
檸檬汁(綠皮),碳水化合物,6.9
萊姆汁,脂肪,0.5
萊姆汁,蛋白質,0.3
萊姆汁,碳水化合物,8.1
檸檬汁(黃皮),脂肪,0.3
檸檬汁(黃皮),蛋白質,0.5
檸檬汁(黃皮),碳水化合物,7.2
可可椰子汁(進口),脂肪,0
可可椰子汁(進口),蛋白質,0.2
可可椰子汁(進口),碳水化合物,5
可可椰子汁(屏東),脂肪,0
可可椰子汁(屏東),蛋白質,0.1
可可椰子汁(屏東),碳水化合物,4.7
紅甘蔗汁,脂肪,0.5
紅甘蔗汁,蛋白質,0.5
紅甘蔗汁,碳水化合物,15.9
鶯哥桃,脂肪,0.2
鶯哥桃,蛋白質,1
鶯哥桃,碳水化合物,10.5
水蜜桃,脂肪,0.1
水蜜桃,蛋白質,0.9
水蜜桃,碳水化合物,9.9
白油桃,脂肪,0.1
白油桃,蛋白質,0.6
白油桃,碳水化合物,9.3
甜蜜桃,脂肪,0.2
甜蜜桃,蛋白質,0.9
甜蜜桃,碳水化合物,9.6
金香葡萄(含皮),脂肪,0.1
金香葡萄(含皮),蛋白質,0.6
金香葡萄(含皮),碳水化合物,16
無子紅葡萄(含皮),脂肪,0.1
無子紅葡萄(含皮),蛋白質,0.5
無子紅葡萄(含皮),碳水化合物,19.2
美國綠葡萄(含皮),脂肪,0.4
美國綠葡萄(含皮),蛋白質,0.6
美國綠葡萄(含皮),碳水化合物,22.7
美國黑葡萄(含皮),脂肪,0.2
美國黑葡萄(含皮),蛋白質,0.6
美國黑葡萄(含皮),碳水化合物,16.4
加州青李,脂肪,0.2
加州青李,蛋白質,0.6
加州青李,碳水化合物,12
紅肉李(大),脂肪,0.3
紅肉李(大),蛋白質,0.5
紅肉李(大),碳水化合物,10
桃接李(小),脂肪,0.4
桃接李(小),蛋白質,0.7
桃接李(小),碳水化合物,8.5
桃接李(大),脂肪,0.3
桃接李(大),蛋白質,0.6
桃接李(大),碳水化合物,9.2
翡翠李,脂肪,0.5
翡翠李,蛋白質,0.7
翡翠李,碳水化合物,11.4
加州紅李(台灣),脂肪,0.6
加州紅李(台灣),蛋白質,0.3
加州紅李(台灣),碳水化合物,10.6
加州紅李(進口),脂肪,0.3
加州紅李(進口),蛋白質,0.8
加州紅李(進口),碳水化合物,15.3
黑李,脂肪,0.2
黑李,蛋白質,0.7
黑李,碳水化合物,14.7
人心果,脂肪,0.8
人心果,蛋白質,0.6
人心果,碳水化合物,20.5
桑葚,脂肪,0.4
桑葚,蛋白質,1.1
桑葚,碳水化合物,7
桑葚汁,脂肪,0.2
桑葚汁,蛋白質,0.8
桑葚汁,碳水化合物,5.9
西谷米,脂肪,0.1
西谷米,蛋白質,0.1
西谷米,碳水化合物,89.7
芡實,脂肪,0.1
芡實,蛋白質,9.9
芡實,碳水化合物,75.4
淮山,脂肪,0.3
淮山,蛋白質,5.3
淮山,碳水化合物,82.4
菱角(熟),脂肪,0.3
菱角(熟),蛋白質,4.2
菱角(熟),碳水化合物,31
糯玉米,脂肪,1.9
糯玉米,蛋白質,4.7
糯玉米,碳水化合物,33.4
粳米(台粳71號),脂肪,0.6
粳米(台粳71號),蛋白質,7.9
粳米(台粳71號),碳水化合物,77.8
糙粳米(台粳71號),脂肪,2.6
糙粳米(台粳71號),蛋白質,9
糙粳米(台粳71號),碳水化合物,73.6
發芽粳米(台粳71號),脂肪,2.8
發芽粳米(台粳71號),蛋白質,7.4
發芽粳米(台粳71號),碳水化合物,73.9
青皮葡萄柚,脂肪,0.1
青皮葡萄柚,蛋白質,0.8
青皮葡萄柚,碳水化合物,8.3
聖心芒果,脂肪,0.2
聖心芒果,蛋白質,0.5
聖心芒果,碳水化合物,12.9
玉文芒果,脂肪,0.3
玉文芒果,蛋白質,0.5
玉文芒果,碳水化合物,16.1
凱特芒果,脂肪,0.2
凱特芒果,蛋白質,1.1
凱特芒果,碳水化合物,12.5
幸水梨,脂肪,0
幸水梨,蛋白質,0.4
幸水梨,碳水化合物,9
豐水梨,脂肪,0.1
豐水梨,蛋白質,0.5
豐水梨,碳水化合物,9.4
新興梨,脂肪,0.1
新興梨,蛋白質,0.2
新興梨,碳水化合物,11.9
橫山梨,脂肪,0.1
橫山梨,蛋白質,0.4
橫山梨,碳水化合物,12.4
將軍蜜梨,脂肪,0.1
將軍蜜梨,蛋白質,0.4
將軍蜜梨,碳水化合物,13.3
西洋梨(黃皮),脂肪,0.1
西洋梨(黃皮),蛋白質,0.2
西洋梨(黃皮),碳水化合物,11.8
大雪梨,脂肪,0.1
大雪梨,蛋白質,0.3
大雪梨,碳水化合物,11.1
西洋梨(紅皮),脂肪,0.2
西洋梨(紅皮),蛋白質,0.3
西洋梨(紅皮),碳水化合物,13.9
西洋梨(青皮),脂肪,0.2
西洋梨(青皮),蛋白質,0.3
西洋梨(青皮),碳水化合物,16.5
新世紀梨,脂肪,0.2
新世紀梨,蛋白質,0.4
新世紀梨,碳水化合物,10.7
梨山蜜梨,脂肪,0.1
梨山蜜梨,蛋白質,0.3
梨山蜜梨,碳水化合物,12.6
金鑽鳳梨,脂肪,0.1
金鑽鳳梨,蛋白質,0.5
金鑽鳳梨,碳水化合物,13.2
酪梨(綠皮),脂肪,3.7
酪梨(綠皮),蛋白質,1.6
酪梨(綠皮),碳水化合物,7.9
酪梨(室溫存放0天),脂肪,5.9
酪梨(室溫存放0天),蛋白質,1.5
酪梨(室溫存放0天),碳水化合物,7.1
酪梨(室溫存放3天),脂肪,6.8
酪梨(室溫存放3天),蛋白質,1.4
酪梨(室溫存放3天),碳水化合物,6.3
酪梨(室溫存放6天),脂肪,7.6
酪梨(室溫存放6天),蛋白質,1.5
酪梨(室溫存放6天),碳水化合物,6.6
印度棗(長形),脂肪,0.2
印度棗(長形),蛋白質,1.2
印度棗(長形),碳水化合物,10.4
珍珠蜜棗,脂肪,0
珍珠蜜棗,蛋白質,1.1
珍珠蜜棗,碳水化合物,11.7
蜜棗(圓形),脂肪,0.1
蜜棗(圓形),蛋白質,0.9
蜜棗(圓形),碳水化合物,11
台灣土棗,脂肪,0.3
台灣土棗,蛋白質,0.9
台灣土棗,碳水化合物,23
紅棗,脂肪,0.3
紅棗,蛋白質,3.2
紅棗,碳水化合物,59.5
黑棗,脂肪,0.2
黑棗,蛋白質,2.7
黑棗,碳水化合物,60.9
紅龍果(白肉),脂肪,0.4
紅龍果(白肉),蛋白質,0.9
紅龍果(白肉),碳水化合物,12.4
紅龍果(紅肉),脂肪,0.2
紅龍果(紅肉),蛋白質,1.1
紅龍果(紅肉),碳水化合物,12.3
帶殼龍眼乾,脂肪,0.1
帶殼龍眼乾,蛋白質,4.6
帶殼龍眼乾,碳水化合物,72.9
福壽桃,脂肪,0.2
福壽桃,蛋白質,0.9
福壽桃,碳水化合物,11.9
香水李,脂肪,0.3
香水李,蛋白質,0.7
香水李,碳水化合物,8.8
黃肉李,脂肪,0.2
黃肉李,蛋白質,0.4
黃肉李,碳水化合物,8.9
紅肉李(小),脂肪,0.3
紅肉李(小),蛋白質,0.7
紅肉李(小),碳水化合物,9.2
玉荷苞荔枝,脂肪,0.2
玉荷苞荔枝,蛋白質,1.2
玉荷苞荔枝,碳水化合物,17.3
黑葉仔荔枝,脂肪,0.2
黑葉仔荔枝,蛋白質,0.9
黑葉仔荔枝,碳水化合物,15.8
冷凍荔枝,脂肪,0.1
冷凍荔枝,蛋白質,0.4
冷凍荔枝,碳水化合物,7.2
檸檬柑,脂肪,0.1
檸檬柑,蛋白質,1.1
檸檬柑,碳水化合物,12.2
茂谷柑,脂肪,0.1
茂谷柑,蛋白質,0.6
茂谷柑,碳水化合物,11.5
高牆桶柑,脂肪,0
高牆桶柑,蛋白質,0.8
高牆桶柑,碳水化合物,11.8
紅柑,脂肪,0.1
紅柑,蛋白質,0.8
紅柑,碳水化合物,10.6
黃番茄,脂肪,0
黃番茄,蛋白質,0.9
黃番茄,碳水化合物,5.3
金女小番茄,脂肪,0.1
金女小番茄,蛋白質,1.1
金女小番茄,碳水化合物,6.6
聖女小番茄,脂肪,0.7
聖女小番茄,蛋白質,1.1
聖女小番茄,碳水化合物,6.7
粉柿番茄,脂肪,0
粉柿番茄,蛋白質,0.8
粉柿番茄,碳水化合物,4
牛番茄,脂肪,0.1
牛番茄,蛋白質,0.7
牛番茄,碳水化合物,4
紅番茄,脂肪,0
紅番茄,蛋白質,0.9
紅番茄,碳水化合物,4.4
桃太郎番茄,脂肪,0
桃太郎番茄,蛋白質,0.7
桃太郎番茄,碳水化合物,4
綠番茄,脂肪,0.1
綠番茄,蛋白質,0.9
綠番茄,碳水化合物,5.4
櫻桃小番茄,脂肪,0.1
櫻桃小番茄,蛋白質,0.9
櫻桃小番茄,碳水化合物,8.1
美國紅葡萄,脂肪,0.4
美國紅葡萄,蛋白質,0.4
美國紅葡萄,碳水化合物,17.7
巨峰葡萄,脂肪,0.3
巨峰葡萄,蛋白質,0.5
巨峰葡萄,碳水化合物,16.6
黑美人葡萄(含皮),脂肪,0.1
黑美人葡萄(含皮),蛋白質,0.5
黑美人葡萄(含皮),碳水化合物,17.4
意大利葡萄,脂肪,0.1
意大利葡萄,蛋白質,0.5
意大利葡萄,碳水化合物,13.7
美國紅葡萄(含皮),脂肪,0.1
美國紅葡萄(含皮),蛋白質,0.4
美國紅葡萄(含皮),碳水化合物,16.3
美國紫葡萄(含皮),脂肪,0
美國紫葡萄(含皮),蛋白質,0.4
美國紫葡萄(含皮),碳水化合物,21.9
美國綠葡萄,脂肪,0.2
美國綠葡萄,蛋白質,0.5
美國綠葡萄,碳水化合物,16.8
奇異果,脂肪,0.3
奇異果,蛋白質,1.1
奇異果,碳水化合物,14
金黃奇異果,脂肪,0.3
金黃奇異果,蛋白質,0.8
金黃奇異果,碳水化合物,15
黃皮葡萄柚(進口),脂肪,0.1
黃皮葡萄柚(進口),蛋白質,0.7
黃皮葡萄柚(進口),碳水化合物,9.7
圓果金柑汁(綠皮),脂肪,0.1
圓果金柑汁(綠皮),蛋白質,0.9
圓果金柑汁(綠皮),碳水化合物,7.9
翠玉青蘋果,脂肪,0.1
翠玉青蘋果,蛋白質,0.3
翠玉青蘋果,碳水化合物,12.2
秋香蘋果,脂肪,0
秋香蘋果,蛋白質,0.3
秋香蘋果,碳水化合物,12.3
青龍蘋果,脂肪,0.2
青龍蘋果,蛋白質,0.3
青龍蘋果,碳水化合物,13.8
金冠蘋果,脂肪,0.1
金冠蘋果,蛋白質,0.4
金冠蘋果,碳水化合物,13
加拉蘋果,脂肪,0.1
加拉蘋果,蛋白質,0.2
加拉蘋果,碳水化合物,15
白櫻桃,脂肪,0.1
白櫻桃,蛋白質,0.7
白櫻桃,碳水化合物,18.4
安石榴,脂肪,0.1
安石榴,蛋白質,1.7
安石榴,碳水化合物,16.8
澳洲甜橙(進口),脂肪,0.1
澳洲甜橙(進口),蛋白質,0.9
澳洲甜橙(進口),碳水化合物,11.6
加州蜜李(進口),脂肪,0.1
加州蜜李(進口),蛋白質,1.3
加州蜜李(進口),碳水化合物,17.1
文旦,脂肪,0.1
文旦,蛋白質,0.7
文旦,碳水化合物,8.4
西施蜜柚,脂肪,0.2
西施蜜柚,蛋白質,0.8
西施蜜柚,碳水化合物,10.1
牛心柿,脂肪,0.2
牛心柿,蛋白質,0.5
牛心柿,碳水化合物,16.5
四周柿,脂肪,0.1
四周柿,蛋白質,0.5
四周柿,碳水化合物,17.6
甜柿(進口),脂肪,0.1
甜柿(進口),蛋白質,0.6
甜柿(進口),碳水化合物,15.3
柿餅,脂肪,0.2
柿餅,蛋白質,1.7
柿餅,碳水化合物,52.2
筆柿,脂肪,0.1
筆柿,蛋白質,0.6
筆柿,碳水化合物,18.3
鳳梨釋迦,脂肪,0.4
鳳梨釋迦,蛋白質,1.5
鳳梨釋迦,碳水化合物,26
試交二號小番茄,脂肪,0
試交二號小番茄,蛋白質,0.7
試交二號小番茄,碳水化合物,7.2
草莓,脂肪,0.2
草莓,蛋白質,1
草莓,碳水化合物,9.3
白蘿蔔,脂肪,0.1
白蘿蔔,蛋白質,0.7
白蘿蔔,碳水化合物,3.3
白蘿蔔(長形),脂肪,0.1
白蘿蔔(長形),蛋白質,0.4
白蘿蔔(長形),碳水化合物,4.4
青蘿蔔,脂肪,0.1
青蘿蔔,蛋白質,1.8
青蘿蔔,碳水化合物,7
櫻桃蘿蔔,脂肪,0
櫻桃蘿蔔,蛋白質,0.6
櫻桃蘿蔔,碳水化合物,2.3
蘿蔔乾,脂肪,1.2
蘿蔔乾,蛋白質,2.2
蘿蔔乾,碳水化合物,10.8
胡蘿蔔,脂肪,0.2
胡蘿蔔,蛋白質,1
胡蘿蔔,碳水化合物,8.5
澳洲胡蘿蔔(細長型),脂肪,0.1
澳洲胡蘿蔔(細長型),蛋白質,1.7
澳洲胡蘿蔔(細長型),碳水化合物,7.5
冷凍胡蘿蔔,脂肪,0.1
冷凍胡蘿蔔,蛋白質,0.5
冷凍胡蘿蔔,碳水化合物,3
根菾菜根,脂肪,0.1
根菾菜根,蛋白質,1.3
根菾菜根,碳水化合物,7.8
牛蒡,脂肪,0.4
牛蒡,蛋白質,2.5
牛蒡,碳水化合物,19.1
芋莖,脂肪,0.5
芋莖,蛋白質,1.1
芋莖,碳水化合物,3.4
茭白筍,脂肪,0.2
茭白筍,蛋白質,1.3
茭白筍,碳水化合物,4
白蘆筍,脂肪,0.2
白蘆筍,蛋白質,1.8
白蘆筍,碳水化合物,4.9
綠蘆筍,脂肪,0.2
綠蘆筍,蛋白質,1.3
綠蘆筍,碳水化合物,4.5
澳洲綠蘆筍(粗短型),脂肪,0.2
澳洲綠蘆筍(粗短型),蛋白質,2.5
澳洲綠蘆筍(粗短型),碳水化合物,3.1
綠蘆筍(細短型),脂肪,0.2
綠蘆筍(細短型),蛋白質,3.3
綠蘆筍(細短型),碳水化合物,3.2
蘆筍花,脂肪,0.3
蘆筍花,蛋白質,2.9
蘆筍花,碳水化合物,2.7
球莖甘藍,脂肪,0.2
球莖甘藍,蛋白質,1.6
球莖甘藍,碳水化合物,3.6
嫩薑,脂肪,0.3
嫩薑,蛋白質,0
嫩薑,碳水化合物,4.8
老薑,脂肪,0.5
老薑,蛋白質,1.1
老薑,碳水化合物,11.7
麻竹筍,脂肪,0.1
麻竹筍,蛋白質,2.1
麻竹筍,碳水化合物,3.7
麻竹筍干,脂肪,1.2
麻竹筍干,蛋白質,15.8
麻竹筍干,碳水化合物,32
烏殼綠竹筍,脂肪,0.2
烏殼綠竹筍,蛋白質,1.8
烏殼綠竹筍,碳水化合物,3.8
孟宗竹筍,脂肪,0.1
孟宗竹筍,蛋白質,4
孟宗竹筍,碳水化合物,7.3
熟桂竹筍,脂肪,0.2
熟桂竹筍,蛋白質,2.1
熟桂竹筍,碳水化合物,3.5
桂竹筍片,脂肪,0.2
桂竹筍片,蛋白質,1
桂竹筍片,碳水化合物,3.3
綠竹筍,脂肪,0.2
綠竹筍,蛋白質,1.7
綠竹筍,碳水化合物,4.7
沙拉筍塊,脂肪,0.1
沙拉筍塊,蛋白質,1.6
沙拉筍塊,碳水化合物,4.8
箭竹筍,脂肪,0.3
箭竹筍,蛋白質,2.9
箭竹筍,碳水化合物,3.1
熟箭竹筍,脂肪,0.3
熟箭竹筍,蛋白質,1.8
熟箭竹筍,碳水化合物,2.9
黃洋葱,脂肪,0.2
黃洋葱,蛋白質,1
黃洋葱,碳水化合物,9.5
紫洋葱,脂肪,0.1
紫洋葱,蛋白質,0.9
紫洋葱,碳水化合物,7.3
青蒜,脂肪,0.3
青蒜,蛋白質,2.1
青蒜,碳水化合物,6.4
大蒜,脂肪,0.2
大蒜,蛋白質,6.7
大蒜,碳水化合物,26.4
蒜苗,脂肪,0.1
蒜苗,蛋白質,2.2
蒜苗,碳水化合物,12
青葱,脂肪,0.3
青葱,蛋白質,1.5
青葱,碳水化合物,4.2
山東大蔥,脂肪,0.1
山東大蔥,蛋白質,1.3
山東大蔥,碳水化合物,6.7
宜蘭粉蔥,脂肪,0.2
宜蘭粉蔥,蛋白質,1.6
宜蘭粉蔥,碳水化合物,5.4
紅葱頭,脂肪,0.3
紅葱頭,蛋白質,3.4
紅葱頭,碳水化合物,16.4
土植青江菜(10月取樣),脂肪,0.2
土植青江菜(10月取樣),蛋白質,1.4
土植青江菜(10月取樣),碳水化合物,1.6
土植青江菜(1月取樣),脂肪,0
土植青江菜(1月取樣),蛋白質,1.3
土植青江菜(1月取樣),碳水化合物,1.6
土植青江菜(4月取樣),脂肪,0.1
土植青江菜(4月取樣),蛋白質,1
土植青江菜(4月取樣),碳水化合物,1.8
土植青江菜(7月取樣),脂肪,0.1
土植青江菜(7月取樣),蛋白質,1.5
土植青江菜(7月取樣),碳水化合物,2.5
水植青江菜(10月取樣),脂肪,0.2
水植青江菜(10月取樣),蛋白質,1.4
水植青江菜(10月取樣),碳水化合物,1.4
水植青江菜(1月取樣),脂肪,0
水植青江菜(1月取樣),蛋白質,1.2
水植青江菜(1月取樣),碳水化合物,2.4
水植青江菜(4月取樣),脂肪,0.2
水植青江菜(4月取樣),蛋白質,1.4
水植青江菜(4月取樣),碳水化合物,2.4
水植青江菜(7月取樣),脂肪,0.1
水植青江菜(7月取樣),蛋白質,1.7
水植青江菜(7月取樣),碳水化合物,2.2
有機青江菜(10月取樣),脂肪,0.2
有機青江菜(10月取樣),蛋白質,1.3
有機青江菜(10月取樣),碳水化合物,1.1
有機青江菜(1月取樣),脂肪,0
有機青江菜(1月取樣),蛋白質,1.5
有機青江菜(1月取樣),碳水化合物,1.5
有機青江菜(4月取樣),脂肪,0.2
有機青江菜(4月取樣),蛋白質,1.4
有機青江菜(4月取樣),碳水化合物,2.5
有機青江菜(7月取樣),脂肪,0.2
有機青江菜(7月取樣),蛋白質,1.9
有機青江菜(7月取樣),碳水化合物,3.5
土植小白菜(10月取樣),脂肪,0.2
土植小白菜(10月取樣),蛋白質,1.1
土植小白菜(10月取樣),碳水化合物,1.7
水植小白菜(10月取樣),脂肪,0.3
水植小白菜(10月取樣),蛋白質,1.1
水植小白菜(10月取樣),碳水化合物,1.8
有機小白菜(10月取樣),脂肪,0.2
有機小白菜(10月取樣),蛋白質,1.3
有機小白菜(10月取樣),碳水化合物,1.9
土植小白菜(1月取樣),脂肪,0.2
土植小白菜(1月取樣),蛋白質,1.1
土植小白菜(1月取樣),碳水化合物,1.5
水植小白菜(1月取樣),脂肪,0.1
水植小白菜(1月取樣),蛋白質,1.5
水植小白菜(1月取樣),碳水化合物,2.1
有機小白菜(1月取樣),脂肪,0.2
有機小白菜(1月取樣),蛋白質,1.8
有機小白菜(1月取樣),碳水化合物,0.8
土植小白菜(4月取樣),脂肪,0.2
土植小白菜(4月取樣),蛋白質,1.1
土植小白菜(4月取樣),碳水化合物,2.2
水植小白菜(4月取樣),脂肪,0.2
水植小白菜(4月取樣),蛋白質,1
水植小白菜(4月取樣),碳水化合物,2.4
有機小白菜(4月取樣),脂肪,0.2
有機小白菜(4月取樣),蛋白質,1.3
有機小白菜(4月取樣),碳水化合物,2.4
土植小白菜(7月取樣),脂肪,0.1
土植小白菜(7月取樣),蛋白質,1
土植小白菜(7月取樣),碳水化合物,1.8
水植小白菜(7月取樣),脂肪,0.1
水植小白菜(7月取樣),蛋白質,0.9
水植小白菜(7月取樣),碳水化合物,2.4
有機小白菜(7月取樣),脂肪,0.1
有機小白菜(7月取樣),蛋白質,1.3
有機小白菜(7月取樣),碳水化合物,1.7
荷葉白菜,脂肪,0.1
荷葉白菜,蛋白質,1.4
荷葉白菜,碳水化合物,2.5
黑葉白菜(短梗),脂肪,0
黑葉白菜(短梗),蛋白質,1.3
黑葉白菜(短梗),碳水化合物,2.9
葵扇白菜,脂肪,0.1
葵扇白菜,蛋白質,1.6
葵扇白菜,碳水化合物,2.4
翠玉白菜,脂肪,0.7
翠玉白菜,蛋白質,1
翠玉白菜,碳水化合物,2.8
煙台白菜,脂肪,0.3
煙台白菜,蛋白質,1.3
煙台白菜,碳水化合物,2.2
包心白菜,脂肪,0.2
包心白菜,蛋白質,1.2
包心白菜,碳水化合物,2.6
白菜芽,脂肪,0.3
白菜芽,蛋白質,2.6
白菜芽,碳水化合物,11.5
蚵仔白菜,脂肪,0.5
蚵仔白菜,蛋白質,1.6
蚵仔白菜,碳水化合物,1.1
芥藍菜,脂肪,0.3
芥藍菜,蛋白質,1.7
芥藍菜,碳水化合物,3.2
芥藍芽,脂肪,0.3
芥藍芽,蛋白質,2.2
芥藍芽,碳水化合物,4.5
芥菜,脂肪,0.1
芥菜,蛋白質,1.6
芥菜,碳水化合物,3.2
包心芥菜,脂肪,0.5
包心芥菜,蛋白質,1
包心芥菜,碳水化合物,2.7
大心芥菜,脂肪,5.1
大心芥菜,蛋白質,1
大心芥菜,碳水化合物,0
大芥菜,脂肪,0.5
大芥菜,蛋白質,0.8
大芥菜,碳水化合物,3.4
雪裡蕻,脂肪,0.2
雪裡蕻,蛋白質,1.5
雪裡蕻,碳水化合物,3.8
甘藍(圓球形),脂肪,0.2
甘藍(圓球形),蛋白質,1.4
甘藍(圓球形),碳水化合物,4.9
梨山甘藍(尖球形),脂肪,0.1
梨山甘藍(尖球形),蛋白質,1.4
梨山甘藍(尖球形),碳水化合物,5.1
脫水甘藍,脂肪,0.1
脫水甘藍,蛋白質,6.9
脫水甘藍,碳水化合物,82.6
甘藍芽,脂肪,0.6
甘藍芽,蛋白質,2.7
甘藍芽,碳水化合物,5.4
甘藍(扁圓形),脂肪,0.2
甘藍(扁圓形),蛋白質,1.1
甘藍(扁圓形),碳水化合物,4.3
冷凍甘藍,脂肪,0.1
冷凍甘藍,蛋白質,1.3
冷凍甘藍,碳水化合物,4.2
甘藍乾,脂肪,1.1
甘藍乾,蛋白質,7.2
甘藍乾,碳水化合物,38.9
紫色甘藍,脂肪,0.2
紫色甘藍,蛋白質,1.5
紫色甘藍,碳水化合物,5.9
菠菜,脂肪,0.3
菠菜,蛋白質,2.2
菠菜,碳水化合物,2.4
冷凍菠菜,脂肪,0
冷凍菠菜,蛋白質,2.1
冷凍菠菜,碳水化合物,2.9
土植本島萵苣(10月取樣),脂肪,0.3
土植本島萵苣(10月取樣),蛋白質,1.1
土植本島萵苣(10月取樣),碳水化合物,2.2
水植本島萵苣(10月取樣),脂肪,0.3
水植本島萵苣(10月取樣),蛋白質,1.1
水植本島萵苣(10月取樣),碳水化合物,1.6
有機本島萵苣(10月取樣),脂肪,0.3
有機本島萵苣(10月取樣),蛋白質,1.3
有機本島萵苣(10月取樣),碳水化合物,2.3
土植本島萵苣(1月取樣),脂肪,0.4
土植本島萵苣(1月取樣),蛋白質,1.6
土植本島萵苣(1月取樣),碳水化合物,2.5
水植本島萵苣(1月取樣),脂肪,0.2
水植本島萵苣(1月取樣),蛋白質,1.6
水植本島萵苣(1月取樣),碳水化合物,2.1
有機本島萵苣(1月取樣),脂肪,0
有機本島萵苣(1月取樣),蛋白質,1.8
有機本島萵苣(1月取樣),碳水化合物,2.6
土植本島萵苣(4月取樣),脂肪,0.2
土植本島萵苣(4月取樣),蛋白質,0.9
土植本島萵苣(4月取樣),碳水化合物,3.3
水植本島萵苣(4月取樣),脂肪,0.2
水植本島萵苣(4月取樣),蛋白質,1
水植本島萵苣(4月取樣),碳水化合物,2.7
有機本島萵苣(4月取樣),脂肪,0.3
有機本島萵苣(4月取樣),蛋白質,1.1
有機本島萵苣(4月取樣),碳水化合物,3.5
結球萵苣,脂肪,0.1
結球萵苣,蛋白質,0.7
結球萵苣,碳水化合物,2.8
廣東萵苣,脂肪,0.2
廣東萵苣,蛋白質,1
廣東萵苣,碳水化合物,4
土植本島萵苣(7月取樣),脂肪,0.3
土植本島萵苣(7月取樣),蛋白質,1.4
土植本島萵苣(7月取樣),碳水化合物,4.4
水植本島萵苣(7月取樣),脂肪,0.2
水植本島萵苣(7月取樣),蛋白質,1.4
水植本島萵苣(7月取樣),碳水化合物,1.9
有機本島萵苣(7月取樣),脂肪,0.3
有機本島萵苣(7月取樣),蛋白質,1.5
有機本島萵苣(7月取樣),碳水化合物,2.7
水植波士頓萵苣,脂肪,0.2
水植波士頓萵苣,蛋白質,1.2
水植波士頓萵苣,碳水化合物,0.7
蘿美萵苣,脂肪,0.2
蘿美萵苣,蛋白質,1
蘿美萵苣,碳水化合物,2.3
紅葉萵苣(荷蘭種）,脂肪,0.3
紅葉萵苣(荷蘭種）,蛋白質,1.4
紅葉萵苣(荷蘭種）,碳水化合物,2.5
奶油萵苣(日本種),脂肪,0.3
奶油萵苣(日本種),蛋白質,1.1
奶油萵苣(日本種),碳水化合物,2.6
芹菜(黃梗),脂肪,0.2
芹菜(黃梗),蛋白質,0.8
芹菜(黃梗),碳水化合物,3.8
西洋芹菜,脂肪,0.2
西洋芹菜,蛋白質,0.4
西洋芹菜,碳水化合物,2.2
芹菜(青梗),脂肪,0.1
芹菜(青梗),蛋白質,0.8
芹菜(青梗),碳水化合物,2.4
山芹菜,脂肪,2.2
山芹菜,蛋白質,2.8
山芹菜,碳水化合物,0.4
茼蒿,脂肪,0.3
茼蒿,蛋白質,1.7
茼蒿,碳水化合物,2.2
義大利茼蒿,脂肪,0.4
義大利茼蒿,蛋白質,1.6
義大利茼蒿,碳水化合物,1.9
白莧菜,脂肪,0.3
白莧菜,蛋白質,1.9
白莧菜,碳水化合物,2.6
紅莧菜,脂肪,0.2
紅莧菜,蛋白質,2.9
紅莧菜,碳水化合物,2.6
馬齒莧,脂肪,0.4
馬齒莧,蛋白質,1.2
馬齒莧,碳水化合物,1.9
野莧菜,脂肪,0.6
野莧菜,蛋白質,6.3
野莧菜,碳水化合物,4.9
土植蕹菜(10月取樣),脂肪,0.3
土植蕹菜(10月取樣),蛋白質,1.8
土植蕹菜(10月取樣),碳水化合物,2.6
水植蕹菜(10月取樣),脂肪,0.3
水植蕹菜(10月取樣),蛋白質,2.2
水植蕹菜(10月取樣),碳水化合物,3.8
有機蕹菜(10月取樣),脂肪,0.4
有機蕹菜(10月取樣),蛋白質,1.7
有機蕹菜(10月取樣),碳水化合物,3
土植蕹菜(1月取樣),脂肪,0.3
土植蕹菜(1月取樣),蛋白質,2
土植蕹菜(1月取樣),碳水化合物,3.5
水植蕹菜(1月取樣),脂肪,0.3
水植蕹菜(1月取樣),蛋白質,2.7
水植蕹菜(1月取樣),碳水化合物,4.5
土植蕹菜(4月取樣),脂肪,0.2
土植蕹菜(4月取樣),蛋白質,1.7
土植蕹菜(4月取樣),碳水化合物,3.5
水植蕹菜(4月取樣),脂肪,0.1
水植蕹菜(4月取樣),蛋白質,2.2
水植蕹菜(4月取樣),碳水化合物,4.3
有機蕹菜(4月取樣),脂肪,0.3
有機蕹菜(4月取樣),蛋白質,1.9
有機蕹菜(4月取樣),碳水化合物,4.7
土植蕹菜(7月取樣),脂肪,0.1
土植蕹菜(7月取樣),蛋白質,1.9
土植蕹菜(7月取樣),碳水化合物,2.8
水植蕹菜(7月取樣),脂肪,0.2
水植蕹菜(7月取樣),蛋白質,1.9
水植蕹菜(7月取樣),碳水化合物,2.7
韮菜,脂肪,0.4
韮菜,蛋白質,1.9
韮菜,碳水化合物,3.9
韮菜黃,脂肪,0.1
韮菜黃,蛋白質,1.5
韮菜黃,碳水化合物,2.9
韮菜花,脂肪,0.2
韮菜花,蛋白質,1.8
韮菜花,碳水化合物,4.6
九層塔,脂肪,0.4
九層塔,蛋白質,2.9
九層塔,碳水化合物,4.4
芫荽,脂肪,0.3
芫荽,蛋白質,2.3
芫荽,碳水化合物,4.5
紅鳳菜,脂肪,0.4
紅鳳菜,蛋白質,2.1
紅鳳菜,碳水化合物,3.5
白鳳菜,脂肪,0.4
白鳳菜,蛋白質,2
白鳳菜,碳水化合物,4.8
隼人瓜苗,脂肪,0.2
隼人瓜苗,蛋白質,3.3
隼人瓜苗,碳水化合物,3.5
甘藷葉,脂肪,0.3
甘藷葉,蛋白質,3.2
甘藷葉,碳水化合物,4.4
落葵,脂肪,0.3
落葵,蛋白質,2.7
落葵,碳水化合物,6
花椰菜,脂肪,0.1
花椰菜,蛋白質,1.8
花椰菜,碳水化合物,4.5
紫色花椰菜,脂肪,0.3
紫色花椰菜,蛋白質,3.1
紫色花椰菜,碳水化合物,7.6
花椰菜乾,脂肪,0.6
花椰菜乾,蛋白質,16
花椰菜乾,碳水化合物,62.5
青花菜,脂肪,0.2
青花菜,蛋白質,3.7
青花菜,碳水化合物,4.4
冷凍青花菜,脂肪,0.2
冷凍青花菜,蛋白質,2.5
冷凍青花菜,碳水化合物,4.4
冷凍花椰菜,脂肪,0.1
冷凍花椰菜,蛋白質,1.3
冷凍花椰菜,碳水化合物,4.5
金針菜乾,脂肪,1.8
金針菜乾,蛋白質,14.3
金針菜乾,碳水化合物,65.4
金針菜,脂肪,0.5
金針菜,蛋白質,2.4
金針菜,碳水化合物,7.4
甜椒(青皮),脂肪,0.3
甜椒(青皮),蛋白質,0.8
甜椒(青皮),碳水化合物,4.9
甜椒(紅皮),脂肪,0.5
甜椒(紅皮),蛋白質,0.8
甜椒(紅皮),碳水化合物,7.1
甜椒(橙皮),脂肪,0.3
甜椒(橙皮),蛋白質,0.9
甜椒(橙皮),碳水化合物,7.7
甜椒(黃皮),脂肪,0.3
甜椒(黃皮),蛋白質,0.8
甜椒(黃皮),碳水化合物,6
角椒,脂肪,0.2
角椒,蛋白質,0.9
角椒,碳水化合物,4.7
高山甜椒(青皮),脂肪,0.6
高山甜椒(青皮),蛋白質,0.9
高山甜椒(青皮),碳水化合物,6
小甜椒(青皮),脂肪,0.5
小甜椒(青皮),蛋白質,1.4
小甜椒(青皮),碳水化合物,6.8
朝天椒(長果),脂肪,1.3
朝天椒(長果),蛋白質,3.4
朝天椒(長果),碳水化合物,17.9
長辣椒(青皮),脂肪,0.4
長辣椒(青皮),蛋白質,1.9
長辣椒(青皮),碳水化合物,10.3
長辣椒(紅皮),脂肪,0.7
長辣椒(紅皮),蛋白質,2.4
長辣椒(紅皮),碳水化合物,9.3
朝天椒(圓果),脂肪,0.5
朝天椒(圓果),蛋白質,4.9
朝天椒(圓果),碳水化合物,21.9
玉米筍,脂肪,0.3
玉米筍,蛋白質,2.2
玉米筍,碳水化合物,5.8
蒲瓜(長形),脂肪,0.1
蒲瓜(長形),蛋白質,0.5
蒲瓜(長形),碳水化合物,4.2
蒲瓜(圓形),脂肪,0.1
蒲瓜(圓形),蛋白質,0.6
蒲瓜(圓形),碳水化合物,4
花蒲瓜(圓形),脂肪,0
花蒲瓜(圓形),蛋白質,0.3
花蒲瓜(圓形),碳水化合物,3.5
葫蘆瓜,脂肪,0.3
葫蘆瓜,蛋白質,0.5
葫蘆瓜,碳水化合物,4.1
絲瓜,脂肪,0.1
絲瓜,蛋白質,1.1
絲瓜,碳水化合物,3.9
稜角絲瓜,脂肪,0.2
稜角絲瓜,蛋白質,0.9
稜角絲瓜,碳水化合物,4.1
冬瓜,脂肪,0.1
冬瓜,蛋白質,0.4
冬瓜,碳水化合物,2.7
香芋冬瓜,脂肪,0
香芋冬瓜,蛋白質,0.4
香芋冬瓜,碳水化合物,2
越瓜,脂肪,0.1
越瓜,蛋白質,0.6
越瓜,碳水化合物,4.1
醃漬越瓜,脂肪,0.1
醃漬越瓜,蛋白質,1.1
醃漬越瓜,碳水化合物,3
胡瓜,脂肪,0.1
胡瓜,蛋白質,0.7
胡瓜,碳水化合物,2.9
花胡瓜,脂肪,0.2
花胡瓜,蛋白質,0.9
花胡瓜,碳水化合物,2.4
醃漬花胡瓜,脂肪,0.5
醃漬花胡瓜,蛋白質,3
醃漬花胡瓜,碳水化合物,18.1
苦瓜(白皮),脂肪,0.1
苦瓜(白皮),蛋白質,0.9
苦瓜(白皮),碳水化合物,4.1
野苦瓜,脂肪,0.6
野苦瓜,蛋白質,1.7
野苦瓜,碳水化合物,5.3
珍珠苦瓜,脂肪,0.1
珍珠苦瓜,蛋白質,0.7
珍珠苦瓜,碳水化合物,4.2
長茄子,脂肪,0.2
長茄子,蛋白質,1.2
長茄子,碳水化合物,5.3
圓茄子,脂肪,0
圓茄子,蛋白質,1
圓茄子,碳水化合物,4.5
隼人瓜,脂肪,0.1
隼人瓜,蛋白質,0.7
隼人瓜,碳水化合物,5.2
黃秋葵,脂肪,0.1
黃秋葵,蛋白質,2.1
黃秋葵,碳水化合物,7.5
綠豆芽,脂肪,0.2
綠豆芽,蛋白質,2.3
綠豆芽,碳水化合物,4.1
黃豆芽,脂肪,1.2
黃豆芽,蛋白質,5.4
黃豆芽,碳水化合物,2.5
黑豆芽,脂肪,2
黑豆芽,蛋白質,7.4
黑豆芽,碳水化合物,8.3
豌豆芽,脂肪,0.3
豌豆芽,蛋白質,4.8
豌豆芽,碳水化合物,2.5
藤三七,脂肪,0.5
藤三七,蛋白質,1.6
藤三七,碳水化合物,3.2
油菜,脂肪,0.2
油菜,蛋白質,1.4
油菜,碳水化合物,1.6
山蘇菜,脂肪,0.2
山蘇菜,蛋白質,3
山蘇菜,碳水化合物,4.4
火炭母草,脂肪,0.4
火炭母草,蛋白質,1.6
火炭母草,碳水化合物,1.2
過溝菜蕨,脂肪,0.8
過溝菜蕨,蛋白質,3.1
過溝菜蕨,碳水化合物,3.2
梅乾菜,脂肪,1.1
梅乾菜,蛋白質,5.5
梅乾菜,碳水化合物,20.8
黃櫛瓜,脂肪,0.1
黃櫛瓜,蛋白質,1.5
黃櫛瓜,碳水化合物,2.7
綠櫛瓜,脂肪,0
綠櫛瓜,蛋白質,2.2
綠櫛瓜,碳水化合物,1.8
草石蠶,脂肪,0
草石蠶,蛋白質,1.7
草石蠶,碳水化合物,18
茴香,脂肪,0.2
茴香,蛋白質,2.2
茴香,碳水化合物,4.1
豌豆苗,脂肪,0.5
豌豆苗,蛋白質,3.7
豌豆苗,碳水化合物,4.4
金針菜嫩莖,脂肪,0.2
金針菜嫩莖,蛋白質,0.7
金針菜嫩莖,碳水化合物,5.3
苜蓿芽,脂肪,0.2
苜蓿芽,蛋白質,3.2
苜蓿芽,碳水化合物,2.5
葵花芽,脂肪,0.4
葵花芽,蛋白質,2.5
葵花芽,碳水化合物,4.3
蕎麥芽,脂肪,0.2
蕎麥芽,蛋白質,1.9
蕎麥芽,碳水化合物,3.4
蘿蔔芽,脂肪,0.4
蘿蔔芽,蛋白質,2.1
蘿蔔芽,碳水化合物,3.9
千寶菜,脂肪,0.2
千寶菜,蛋白質,1.7
千寶菜,碳水化合物,3.6
台灣南瓜,脂肪,0.2
台灣南瓜,蛋白質,1.7
台灣南瓜,碳水化合物,11.1
菊花南瓜,脂肪,0.1
菊花南瓜,蛋白質,3.8
菊花南瓜,碳水化合物,16.8
日本南瓜,脂肪,0.4
日本南瓜,蛋白質,0.6
日本南瓜,碳水化合物,20.8
青木瓜,脂肪,0.1
青木瓜,蛋白質,0.6
青木瓜,碳水化合物,7.2
百合鱗片,脂肪,0.1
百合鱗片,蛋白質,3.8
百合鱗片,碳水化合物,32.3
石蓮花,脂肪,0.1
石蓮花,蛋白質,0.4
石蓮花,碳水化合物,2.2
紫蘇,脂肪,1.2
紫蘇,蛋白質,5.5
紫蘇,碳水化合物,11.9
檳榔嫩莖,脂肪,0.4
檳榔嫩莖,蛋白質,2.2
檳榔嫩莖,碳水化合物,5.6
水菜(日本種),脂肪,0.2
水菜(日本種),蛋白質,1.2
水菜(日本種),碳水化合物,1.6
龍骨瓣莕菜,脂肪,0.3
龍骨瓣莕菜,蛋白質,1.1
龍骨瓣莕菜,碳水化合物,3.1
冷凍麻竹筍,脂肪,0
冷凍麻竹筍,蛋白質,0.8
冷凍麻竹筍,碳水化合物,3.8
嫩莖萵苣,脂肪,0.2
嫩莖萵苣,蛋白質,1
嫩莖萵苣,碳水化合物,3.1
龍葵,脂肪,0.3
龍葵,蛋白質,3.8
龍葵,碳水化合物,3.4
絲瓜花,脂肪,0.3
絲瓜花,蛋白質,3.9
絲瓜花,碳水化合物,4.8
油菜心,脂肪,0.8
油菜心,蛋白質,3.2
油菜心,碳水化合物,4
醃漬冬瓜,脂肪,0.2
醃漬冬瓜,蛋白質,2.5
醃漬冬瓜,碳水化合物,4.1
榨菜,脂肪,0.4
榨菜,蛋白質,1.3
榨菜,碳水化合物,4.6
酸菜,脂肪,0.3
酸菜,蛋白質,0.8
酸菜,碳水化合物,3.2
青葙,脂肪,1.6
青葙,蛋白質,2.5
青葙,碳水化合物,7.7
食茱萸,脂肪,0.3
食茱萸,蛋白質,11.9
食茱萸,碳水化合物,23.8
豆瓣菜,脂肪,0.3
豆瓣菜,蛋白質,2.2
豆瓣菜,碳水化合物,3.2
假人蔘,脂肪,2.2
假人蔘,蛋白質,1.6
假人蔘,碳水化合物,2.2
蕺菜,脂肪,0.9
蕺菜,蛋白質,3.2
蕺菜,碳水化合物,7.7
綠皮蛇瓜,脂肪,0.6
綠皮蛇瓜,蛋白質,1.9
綠皮蛇瓜,碳水化合物,5.6
白皮蛇瓜,脂肪,0.3
白皮蛇瓜,蛋白質,1.4
白皮蛇瓜,碳水化合物,3.2
野苦瓜嫩梢,脂肪,1.7
野苦瓜嫩梢,蛋白質,5.7
野苦瓜嫩梢,碳水化合物,12.2
紅梗珍珠菜,脂肪,1
紅梗珍珠菜,蛋白質,2.6
紅梗珍珠菜,碳水化合物,5.6
昭和草,脂肪,0.7
昭和草,蛋白質,2.2
昭和草,碳水化合物,3.8
蘆薈,脂肪,0.4
蘆薈,蛋白質,0.1
蘆薈,碳水化合物,0.2
薄荷,脂肪,0.6
薄荷,蛋白質,3
薄荷,碳水化合物,10.9
嘉寶瓜,脂肪,0.2
嘉寶瓜,蛋白質,0.8
嘉寶瓜,碳水化合物,10
香樁,脂肪,1.5
香樁,蛋白質,4.3
香樁,碳水化合物,19.4
薤,脂肪,0.2
薤,蛋白質,0.5
薤,碳水化合物,1.9
美國空心菜,脂肪,0.3
美國空心菜,蛋白質,2.2
美國空心菜,碳水化合物,3.5
香芫荽,脂肪,0.2
香芫荽,蛋白質,2.4
香芫荽,碳水化合物,3.9
荷蘭豆菜心,脂肪,0.6
荷蘭豆菜心,蛋白質,3.9
荷蘭豆菜心,碳水化合物,3.9
厥子,脂肪,0.2
厥子,蛋白質,2.3
厥子,碳水化合物,3.9
龍延草,脂肪,2.3
龍延草,蛋白質,3.9
龍延草,碳水化合物,12.7
百香果汁,脂肪,0.4
百香果汁,蛋白質,0.9
百香果汁,碳水化合物,18.6
香水芒果,脂肪,0.2
香水芒果,蛋白質,0.6
香水芒果,碳水化合物,17.1
裙帶菜,脂肪,0.6
裙帶菜,蛋白質,3
裙帶菜,碳水化合物,5.9
海帶茸,脂肪,0
海帶茸,蛋白質,1.1
海帶茸,碳水化合物,6.5
乾海帶,脂肪,1.1
乾海帶,蛋白質,10
乾海帶,碳水化合物,47.3
乾裙帶菜,脂肪,0.7
乾裙帶菜,蛋白質,22.9
乾裙帶菜,碳水化合物,40.8
乾裙帶菜根,脂肪,0.6
乾裙帶菜根,蛋白質,6.2
乾裙帶菜根,碳水化合物,46.1
紫菜,脂肪,0.9
紫菜,蛋白質,28.1
紫菜,碳水化合物,47.9
金蜜芒果,脂肪,0.4
金蜜芒果,蛋白質,0.6
金蜜芒果,碳水化合物,16.3
黃金聖女小番茄,脂肪,0.1
黃金聖女小番茄,蛋白質,1
黃金聖女小番茄,碳水化合物,7
蟠桃,脂肪,0.2
蟠桃,蛋白質,0.9
蟠桃,碳水化合物,11.3
李林蕉,脂肪,0.3
李林蕉,蛋白質,1.4
李林蕉,碳水化合物,26.3
津經蜜蘋果,脂肪,0.2
津經蜜蘋果,蛋白質,0.2
津經蜜蘋果,碳水化合物,15.1
富有甜柿(大雪山),脂肪,0.1
富有甜柿(大雪山),蛋白質,0.4
富有甜柿(大雪山),碳水化合物,15.1
紅寶石葡萄柚(古坑),脂肪,0.3
紅寶石葡萄柚(古坑),蛋白質,0.7
紅寶石葡萄柚(古坑),碳水化合物,8.9
嘉玉甜瓜,脂肪,0.1
嘉玉甜瓜,蛋白質,1.3
嘉玉甜瓜,碳水化合物,10.4
苦瓜(青皮),脂肪,0.1
苦瓜(青皮),蛋白質,0.9
苦瓜(青皮),碳水化合物,4.2
帶殼熟綠竹筍,脂肪,0.1
帶殼熟綠竹筍,蛋白質,2
帶殼熟綠竹筍,碳水化合物,4.9
蘿蔔葉,脂肪,0.2
蘿蔔葉,蛋白質,1.7
蘿蔔葉,碳水化合物,2
白洋葱,脂肪,0.1
白洋葱,蛋白質,1
白洋葱,碳水化合物,10
乾百合鱗片,脂肪,0.7
乾百合鱗片,蛋白質,11.8
乾百合鱗片,碳水化合物,68.4
乾麒麟菜,脂肪,0.5
乾麒麟菜,蛋白質,1.2
乾麒麟菜,碳水化合物,46.7
麒麟菜,脂肪,0
麒麟菜,蛋白質,0.9
麒麟菜,碳水化合物,9.9
髮菜,脂肪,0.5
髮菜,蛋白質,10.3
髮菜,碳水化合物,69.5
洋菜,脂肪,0
洋菜,蛋白質,0.3
洋菜,碳水化合物,78.3
熟紫菜,脂肪,0.4
熟紫菜,蛋白質,18.1
熟紫菜,碳水化合物,62.4
海帶卷,脂肪,0.2
海帶卷,蛋白質,0.7
海帶卷,碳水化合物,2.8
乾海茸芯,脂肪,0.2
乾海茸芯,蛋白質,8.4
乾海茸芯,碳水化合物,59.1
礁膜,脂肪,0.1
礁膜,蛋白質,0.3
礁膜,碳水化合物,3.7
海帶結,脂肪,0.1
海帶結,蛋白質,0.8
海帶結,碳水化合物,3.6
海帶梗,脂肪,0.1
海帶梗,蛋白質,0.8
海帶梗,碳水化合物,3.7
海帶絲,脂肪,0.1
海帶絲,蛋白質,0.7
海帶絲,碳水化合物,5
乾柳松菇,脂肪,1.9
乾柳松菇,蛋白質,23.5
乾柳松菇,碳水化合物,53.5
木耳,脂肪,0.1
木耳,蛋白質,0.9
木耳,碳水化合物,8.8
乾木耳(紅耳仔),脂肪,0.2
乾木耳(紅耳仔),蛋白質,6.1
乾木耳(紅耳仔),碳水化合物,79.8
乾銀耳,脂肪,1.1
乾銀耳,蛋白質,10.1
乾銀耳,碳水化合物,71
鮑魚菇,脂肪,0.2
鮑魚菇,蛋白質,1.7
鮑魚菇,碳水化合物,4
秀珍菇,脂肪,0.1
秀珍菇,蛋白質,3.3
秀珍菇,碳水化合物,4.6
秀珍菇罐頭,脂肪,0.5
秀珍菇罐頭,蛋白質,1.7
秀珍菇罐頭,碳水化合物,4.7
金針菇,脂肪,0.3
金針菇,蛋白質,2.6
金針菇,碳水化合物,7.2
金針菇罐頭,脂肪,0.2
金針菇罐頭,蛋白質,1.7
金針菇罐頭,碳水化合物,4.5
乾花菇,脂肪,1.1
乾花菇,蛋白質,17
乾花菇,碳水化合物,67.4
花菇,脂肪,0.1
花菇,蛋白質,3.6
花菇,碳水化合物,10.7
香菇(大),脂肪,0.2
香菇(大),蛋白質,3
香菇(大),碳水化合物,7.1
乾香菇,脂肪,1.4
乾香菇,蛋白質,23.3
乾香菇,碳水化合物,66.6
乾竹笙,脂肪,2
乾竹笙,蛋白質,17.5
乾竹笙,碳水化合物,64.1
冷凍木耳,脂肪,0.1
冷凍木耳,蛋白質,0.9
冷凍木耳,碳水化合物,12.4
乾木耳(黑耳仔),脂肪,1.2
乾木耳(黑耳仔),蛋白質,21.4
乾木耳(黑耳仔),碳水化合物,69.6
銀耳罐頭,脂肪,0.1
銀耳罐頭,蛋白質,0.1
銀耳罐頭,碳水化合物,12
柳松菇,脂肪,0.3
柳松菇,蛋白質,3.7
柳松菇,碳水化合物,6
香菇(小),脂肪,0.1
香菇(小),蛋白質,2.4
香菇(小),碳水化合物,4.9
乾鈕釦菇,脂肪,2.7
乾鈕釦菇,蛋白質,24.6
乾鈕釦菇,碳水化合物,60.9
杏鮑菇(中),脂肪,0.2
杏鮑菇(中),蛋白質,2.5
杏鮑菇(中),碳水化合物,8.2
草菇,脂肪,0.3
草菇,蛋白質,3.8
草菇,碳水化合物,5.9
草菇罐頭,脂肪,0.1
草菇罐頭,蛋白質,3.3
草菇罐頭,碳水化合物,5.4
醃漬香菇,脂肪,0.1
醃漬香菇,蛋白質,3
醃漬香菇,碳水化合物,10.6
洋菇,脂肪,0.2
洋菇,蛋白質,3
洋菇,碳水化合物,3.8
冷凍洋菇,脂肪,1.5
冷凍洋菇,蛋白質,3.8
冷凍洋菇,碳水化合物,4.3
洋菇罐頭,脂肪,0.3
洋菇罐頭,蛋白質,2.9
洋菇罐頭,碳水化合物,4.3
猴頭菇,脂肪,0.3
猴頭菇,蛋白質,2.1
猴頭菇,碳水化合物,5.9
猴頭菇罐頭,脂肪,0.1
猴頭菇罐頭,蛋白質,1
猴頭菇罐頭,碳水化合物,6.5
乾猴頭菇,脂肪,3.4
乾猴頭菇,蛋白質,12.3
乾猴頭菇,碳水化合物,64.3
鴻喜菇,脂肪,0.1
鴻喜菇,蛋白質,2.9
鴻喜菇,碳水化合物,5.3
姬松茸,脂肪,0.4
姬松茸,蛋白質,4
姬松茸,碳水化合物,6.9
雞腿菇,脂肪,1.4
雞腿菇,蛋白質,20.1
雞腿菇,碳水化合物,59.8
珊瑚菇,脂肪,0.2
珊瑚菇,蛋白質,4
珊瑚菇,碳水化合物,5.2
美白菇,脂肪,0.3
美白菇,蛋白質,2.4
美白菇,碳水化合物,4.8
滑菇,脂肪,0.2
滑菇,蛋白質,2.6
滑菇,碳水化合物,4.7
金喜菇,脂肪,0.2
金喜菇,蛋白質,2.7
金喜菇,碳水化合物,7.7
松茸,脂肪,0.5
松茸,蛋白質,3.1
松茸,碳水化合物,5.9
富珍茸,脂肪,0.4
富珍茸,蛋白質,3
富珍茸,碳水化合物,6.8
酒杯菇,脂肪,0.3
酒杯菇,蛋白質,4.6
酒杯菇,碳水化合物,9
松茸白菇,脂肪,0.5
松茸白菇,蛋白質,5.1
松茸白菇,碳水化合物,5.3
蠔菇,脂肪,0.3
蠔菇,蛋白質,2.1
蠔菇,碳水化合物,4.8
喜來菇,脂肪,0.4
喜來菇,蛋白質,3.5
喜來菇,碳水化合物,6.3
乾白花菇,脂肪,1.1
乾白花菇,蛋白質,18.7
乾白花菇,碳水化合物,64.5
白茯苓,脂肪,0.2
白茯苓,蛋白質,1
白茯苓,碳水化合物,79.9
黃豆,脂肪,15.7
黃豆,蛋白質,35.6
黃豆,碳水化合物,32.9
黃豆粉,脂肪,16.7
黃豆粉,蛋白質,37.4
黃豆粉,碳水化合物,32.2
五香豆干,脂肪,9.7
五香豆干,蛋白質,19.3
五香豆干,碳水化合物,7
豆干絲,脂肪,8.6
豆干絲,蛋白質,18.3
豆干絲,碳水化合物,4.8
小方豆干,脂肪,8.6
小方豆干,蛋白質,17.4
小方豆干,碳水化合物,3.5
日式炸豆皮,脂肪,32.4
日式炸豆皮,蛋白質,19.2
日式炸豆皮,碳水化合物,4.9
豆腐皮,脂肪,8.8
豆腐皮,蛋白質,25.3
豆腐皮,碳水化合物,4.5
小三角油豆腐,脂肪,9.1
小三角油豆腐,蛋白質,12.7
小三角油豆腐,碳水化合物,1.5
雞蛋豆腐,脂肪,4.5
雞蛋豆腐,蛋白質,6.9
雞蛋豆腐,碳水化合物,2.7
凍豆腐,脂肪,6.5
凍豆腐,蛋白質,12.9
凍豆腐,碳水化合物,4.5
傳統豆腐,脂肪,3.4
傳統豆腐,蛋白質,8.5
傳統豆腐,碳水化合物,6
嫩豆腐,脂肪,2.6
嫩豆腐,蛋白質,4.9
嫩豆腐,碳水化合物,2
百頁豆腐,脂肪,17
百頁豆腐,蛋白質,13.4
百頁豆腐,碳水化合物,2.4
紅豆,脂肪,0.6
紅豆,蛋白質,20.9
紅豆,碳水化合物,61.5
紅豆罐頭(糖漬),脂肪,0.3
紅豆罐頭(糖漬),蛋白質,8
紅豆罐頭(糖漬),碳水化合物,49.5
花豆,脂肪,1.7
花豆,蛋白質,21.2
花豆,碳水化合物,59
花豆罐頭(糖漬),脂肪,0
花豆罐頭(糖漬),蛋白質,7.6
花豆罐頭(糖漬),碳水化合物,43.5
綠豆,脂肪,1.1
綠豆,蛋白質,22.8
綠豆,碳水化合物,63
綠豆仁,脂肪,1.3
綠豆仁,蛋白質,24.6
綠豆仁,碳水化合物,59.6
綠豆粉,脂肪,1.5
綠豆粉,蛋白質,21.7
綠豆粉,碳水化合物,62.9
冬粉,脂肪,0.1
冬粉,蛋白質,0.1
冬粉,碳水化合物,87.5
高纖胚芽冬粉,脂肪,0.2
高纖胚芽冬粉,蛋白質,0.6
高纖胚芽冬粉,碳水化合物,90
青仁黑豆,脂肪,14.2
青仁黑豆,蛋白質,37
青仁黑豆,碳水化合物,33.7
黑豆粉,脂肪,17.6
黑豆粉,蛋白質,36
黑豆粉,碳水化合物,39
豆豉,脂肪,11.5
豆豉,蛋白質,20.4
豆豉,碳水化合物,12.8
烘烤黑豆,脂肪,20.1
烘烤黑豆,蛋白質,39
烘烤黑豆,碳水化合物,32.4
鹽酥蠶豆,脂肪,20.9
鹽酥蠶豆,蛋白質,26.9
鹽酥蠶豆,碳水化合物,46.3
米豆,脂肪,2.4
米豆,蛋白質,21.7
米豆,碳水化合物,62.2
毛豆仁,脂肪,3.3
毛豆仁,蛋白質,14.6
毛豆仁,碳水化合物,12.5
冷凍毛豆仁,脂肪,6.1
冷凍毛豆仁,蛋白質,12.5
冷凍毛豆仁,碳水化合物,9.8
帶莢毛豆,脂肪,1.7
帶莢毛豆,蛋白質,12.9
帶莢毛豆,碳水化合物,15
豌豆莢,脂肪,0.2
豌豆莢,蛋白質,2.9
豌豆莢,碳水化合物,7.1
豌豆仁,脂肪,0.3
豌豆仁,蛋白質,9.2
豌豆仁,碳水化合物,21.7
冷凍豌豆仁,脂肪,0.6
冷凍豌豆仁,蛋白質,6.1
冷凍豌豆仁,碳水化合物,17.1
豌豆仁罐頭,脂肪,0.9
豌豆仁罐頭,蛋白質,7.2
豌豆仁罐頭,碳水化合物,22.1
萊豆仁,脂肪,0.4
萊豆仁,蛋白質,7.8
萊豆仁,碳水化合物,20.1
甜豌豆莢,脂肪,0.2
甜豌豆莢,蛋白質,3
甜豌豆莢,碳水化合物,7.4
粉豆莢,脂肪,0.1
粉豆莢,蛋白質,1.7
粉豆莢,碳水化合物,5
敏豆莢,脂肪,0.2
敏豆莢,蛋白質,1.7
敏豆莢,碳水化合物,5.3
冷凍菜豆(莢),脂肪,0.1
冷凍菜豆(莢),蛋白質,3.4
冷凍菜豆(莢),碳水化合物,10.8
高山大豌豆莢,脂肪,0
高山大豌豆莢,蛋白質,2.4
高山大豌豆莢,碳水化合物,9.9
豇豆(莢),脂肪,0.1
豇豆(莢),蛋白質,2.4
豇豆(莢),碳水化合物,6.2
鵲豆莢,脂肪,0.3
鵲豆莢,蛋白質,2.4
鵲豆莢,碳水化合物,5.1
白鳳豆(台灣),脂肪,2.8
白鳳豆(台灣),蛋白質,27.4
白鳳豆(台灣),碳水化合物,56.4
白鳳豆(進口),脂肪,1.3
白鳳豆(進口),蛋白質,20.1
白鳳豆(進口),碳水化合物,60
乾姬松茸,脂肪,2.7
乾姬松茸,蛋白質,34
乾姬松茸,碳水化合物,46.7
豆漿,脂肪,1.1
豆漿,蛋白質,2.8
豆漿,碳水化合物,8.7
豆漿粉,脂肪,17.1
豆漿粉,蛋白質,37.4
豆漿粉,碳水化合物,32.5
雞蛋豆漿,脂肪,1.3
雞蛋豆漿,蛋白質,1.9
雞蛋豆漿,碳水化合物,9.2
豆漿優酪乳,脂肪,1.2
豆漿優酪乳,蛋白質,2
豆漿優酪乳,碳水化合物,12.9
黑豆漿,脂肪,0.6
黑豆漿,蛋白質,1.1
黑豆漿,碳水化合物,7.4
甘納豆,脂肪,0.8
甘納豆,蛋白質,6.6
甘納豆,碳水化合物,74.6
片狀肉乾(牛肉),脂肪,4
片狀肉乾(牛肉),蛋白質,30.3
片狀肉乾(牛肉),碳水化合物,43
牛肚(蜂巢胃),脂肪,2.8
牛肚(蜂巢胃),蛋白質,19
牛肚(蜂巢胃),碳水化合物,0
綿羊肉切片,脂肪,13
綿羊肉切片,蛋白質,18.8
綿羊肉切片,碳水化合物,0
豬去皮腹脇肉,脂肪,32.9
豬去皮腹脇肉,蛋白質,14.9
豬去皮腹脇肉,碳水化合物,0.5
豬大里肌,脂肪,14.4
豬大里肌,蛋白質,19.2
豬大里肌,碳水化合物,0
豬大排,脂肪,14.7
豬大排,蛋白質,19.1
豬大排,碳水化合物,0
豬小排,脂肪,23.3
豬小排,蛋白質,18
豬小排,碳水化合物,0
豬上肩肉,脂肪,14
豬上肩肉,蛋白質,18.9
豬上肩肉,碳水化合物,0
豬小腸,脂肪,11.4
豬小腸,蛋白質,12.5
豬小腸,碳水化合物,0.6
豬大腸,脂肪,18.9
豬大腸,蛋白質,6.6
豬大腸,碳水化合物,1.9
豬心,脂肪,7.8
豬心,蛋白質,13.6
豬心,碳水化合物,1
豬蹄膀,脂肪,28.6
豬蹄膀,蛋白質,17.1
豬蹄膀,碳水化合物,0
豬舌,脂肪,11.8
豬舌,蛋白質,18.5
豬舌,碳水化合物,0
豬血,脂肪,0.3
豬血,蛋白質,6.3
豬血,碳水化合物,0.5
豬肝,脂肪,4.1
豬肝,蛋白質,20.8
豬肝,碳水化合物,2.9
片狀肉乾(豬肉),脂肪,4.7
片狀肉乾(豬肉),蛋白質,30
片狀肉乾(豬肉),碳水化合物,41.3
豬肚,脂肪,11
豬肚,蛋白質,12.4
豬肚,碳水化合物,0
豬後腳,脂肪,18.8
豬後腳,蛋白質,19.5
豬後腳,碳水化合物,0
豬腦,脂肪,8.7
豬腦,蛋白質,10.8
豬腦,碳水化合物,0
豬腎,脂肪,1.9
豬腎,蛋白質,15
豬腎,碳水化合物,1.7
條狀火腿(豬肉),脂肪,3.6
條狀火腿(豬肉),蛋白質,16.2
條狀火腿(豬肉),碳水化合物,11.8
豬肉酥,脂肪,35.6
豬肉酥,蛋白質,33
豬肉酥,碳水化合物,24.3
豬肉脯,脂肪,25.1
豬肉脯,蛋白質,33.4
豬肉脯,碳水化合物,20.3
香腸,脂肪,25.3
香腸,蛋白質,17
香腸,碳水化合物,13.3
香腸(蒜味),脂肪,27.9
香腸(蒜味),蛋白質,16.6
香腸(蒜味),碳水化合物,17.6
培根,脂肪,34
培根,蛋白質,13.5
培根,碳水化合物,1.1
熱狗,脂肪,20.2
熱狗,蛋白質,13.3
熱狗,碳水化合物,8.2
臘肉(腿肉),脂肪,33.5
臘肉(腿肉),蛋白質,26.7
臘肉(腿肉),碳水化合物,0.1
二節翅(土雞),脂肪,15.9
二節翅(土雞),蛋白質,19.8
二節翅(土雞),碳水化合物,0
二節翅(肉雞),脂肪,17.7
二節翅(肉雞),蛋白質,16.4
二節翅(肉雞),碳水化合物,0
三節翅(土雞),脂肪,13
三節翅(土雞),蛋白質,19
三節翅(土雞),碳水化合物,0
三節翅(肉雞),脂肪,16.3
三節翅(肉雞),蛋白質,17.7
三節翅(肉雞),碳水化合物,0
雞腳(肉雞),脂肪,14.1
雞腳(肉雞),蛋白質,20.7
雞腳(肉雞),碳水化合物,0.4
雞心(肉雞),脂肪,14.8
雞心(肉雞),蛋白質,13.3
雞心(肉雞),碳水化合物,0.1
里肌肉(土雞),脂肪,0.6
里肌肉(土雞),蛋白質,24.8
里肌肉(土雞),碳水化合物,0
里肌肉(肉雞),脂肪,0.6
里肌肉(肉雞),蛋白質,23.7
里肌肉(肉雞),碳水化合物,0
雞肝(肉雞),脂肪,3.5
雞肝(肉雞),蛋白質,18.8
雞肝(肉雞),碳水化合物,2.7
去皮清肉(土雞),脂肪,2.3
去皮清肉(土雞),蛋白質,23.4
去皮清肉(土雞),碳水化合物,0
去皮清肉(肉雞),脂肪,1.9
去皮清肉(肉雞),蛋白質,23.3
去皮清肉(肉雞),碳水化合物,0.6
雞排(土雞),脂肪,8.6
雞排(土雞),蛋白質,18.9
雞排(土雞),碳水化合物,0
雞排(肉雞),脂肪,15.8
雞排(肉雞),蛋白質,15.3
雞排(肉雞),碳水化合物,0
棒棒腿(土雞),脂肪,5.9
棒棒腿(土雞),蛋白質,21
棒棒腿(土雞),碳水化合物,0
棒棒腿(肉雞),脂肪,9.4
棒棒腿(肉雞),蛋白質,16.8
棒棒腿(肉雞),碳水化合物,0.6
清腿(土雞),脂肪,6.1
清腿(土雞),蛋白質,20.4
清腿(土雞),碳水化合物,0
清腿(肉雞),脂肪,11.3
清腿(肉雞),蛋白質,16.6
清腿(肉雞),碳水化合物,0
雞胗(肉雞),脂肪,2
雞胗(肉雞),蛋白質,16.6
雞胗(肉雞),碳水化合物,0.3
熟鵝腿肉,脂肪,23.6
熟鵝腿肉,蛋白質,18.5
熟鵝腿肉,碳水化合物,0
膽肝,脂肪,7.9
膽肝,蛋白質,31.2
膽肝,碳水化合物,13.9
鴨賞,脂肪,17.6
鴨賞,蛋白質,31.1
鴨賞,碳水化合物,5.3
山羊前腿肉片,脂肪,3.5
山羊前腿肉片,蛋白質,21.3
山羊前腿肉片,碳水化合物,0
火雞肉,脂肪,5.6
火雞肉,蛋白質,21.1
火雞肉,碳水化合物,0
土番鴨,脂肪,2.4
土番鴨,蛋白質,20.9
土番鴨,碳水化合物,0
蛇肉,脂肪,0.4
蛇肉,蛋白質,19
蛇肉,碳水化合物,0
鵝肉,脂肪,13.4
鵝肉,蛋白質,15.6
鵝肉,碳水化合物,2.4
滷豬腳,脂肪,15.4
滷豬腳,蛋白質,28.4
滷豬腳,碳水化合物,0
帶骨牛小排,脂肪,33.7
帶骨牛小排,蛋白質,13.1
帶骨牛小排,碳水化合物,0.4
牛後腿肉,脂肪,4.3
牛後腿肉,蛋白質,19.4
牛後腿肉,碳水化合物,3.7
牛後腿股肉,脂肪,7.2
牛後腿股肉,蛋白質,20.6
牛後腿股肉,碳水化合物,0.8
牛後腿腱子心,脂肪,6
牛後腿腱子心,蛋白質,19.8
牛後腿腱子心,碳水化合物,0
牛前胸肉,脂肪,29.6
牛前胸肉,蛋白質,14.8
牛前胸肉,碳水化合物,0
豬下肩瘦肉,脂肪,5
豬下肩瘦肉,蛋白質,20.1
豬下肩瘦肉,碳水化合物,0
豬肩胛肉,脂肪,24.8
豬肩胛肉,蛋白質,16.5
豬肩胛肉,碳水化合物,0
豬下肩肉,脂肪,13.6
豬下肩肉,蛋白質,18.1
豬下肩肉,碳水化合物,0
豬後腿瘦肉,脂肪,2.3
豬後腿瘦肉,蛋白質,21.1
豬後腿瘦肉,碳水化合物,1.3
豬後腿肉,脂肪,4
豬後腿肉,蛋白質,20.4
豬後腿肉,碳水化合物,0.4
豬頰肉,脂肪,11.9
豬頰肉,蛋白質,17.5
豬頰肉,碳水化合物,1.4
番鴨,脂肪,16.2
番鴨,蛋白質,18.2
番鴨,碳水化合物,0
茶鵝,脂肪,32.5
茶鵝,蛋白質,15.6
茶鵝,碳水化合物,0
烏骨雞,脂肪,15.1
烏骨雞,蛋白質,17.9
烏骨雞,碳水化合物,0.8
豬前腿外腱肉,脂肪,6.5
豬前腿外腱肉,蛋白質,20.7
豬前腿外腱肉,碳水化合物,0
豬肝連,脂肪,15.1
豬肝連,蛋白質,14.6
豬肝連,碳水化合物,0.9
切片火腿(豬肉),脂肪,4.4
切片火腿(豬肉),蛋白質,16.5
切片火腿(豬肉),碳水化合物,9.6
蒟蒻香腸(蒜味),脂肪,14.9
蒟蒻香腸(蒜味),蛋白質,19.4
蒟蒻香腸(蒜味),碳水化合物,19.3
小巧香腸,脂肪,29.6
小巧香腸,蛋白質,15.1
小巧香腸,碳水化合物,10.5
"條狀火腿(牛肉,黑胡椒)",脂肪,2.3
"條狀火腿(牛肉,黑胡椒)",蛋白質,18.9
"條狀火腿(牛肉,黑胡椒)",碳水化合物,4.1
雞肉酥,脂肪,14.6
雞肉酥,蛋白質,26.7
雞肉酥,碳水化合物,53.2
醬肘子,脂肪,6.6
醬肘子,蛋白質,19
醬肘子,碳水化合物,0
醃燻豬肝,脂肪,4.7
醃燻豬肝,蛋白質,26.8
醃燻豬肝,碳水化合物,4.2
"片狀肉乾(牛肉,辣味)",脂肪,4.6
"片狀肉乾(牛肉,辣味)",蛋白質,38
"片狀肉乾(牛肉,辣味)",碳水化合物,32.4
條狀肉乾(豬肉),脂肪,6.6
條狀肉乾(豬肉),蛋白質,43.2
條狀肉乾(豬肉),碳水化合物,26.5
鴨血,脂肪,0.3
鴨血,蛋白質,6
鴨血,碳水化合物,0
臘肉(五花肉),脂肪,49.8
臘肉(五花肉),蛋白質,18.4
臘肉(五花肉),碳水化合物,1.7
肉雞,脂肪,19.9
肉雞,蛋白質,16.1
肉雞,碳水化合物,0
烤雞,脂肪,14.2
烤雞,蛋白質,22.8
烤雞,碳水化合物,3.6
切片火腿(牛肉),脂肪,2.2
切片火腿(牛肉),蛋白質,15.9
切片火腿(牛肉),碳水化合物,9.4
雞肉香腸(小),脂肪,37.7
雞肉香腸(小),蛋白質,13.9
雞肉香腸(小),碳水化合物,15.9
虎皮蛙,脂肪,0.4
虎皮蛙,蛋白質,21.1
虎皮蛙,碳水化合物,0.6
豬帶皮腹脇肉,脂肪,33.9
豬帶皮腹脇肉,蛋白質,14.5
豬帶皮腹脇肉,碳水化合物,0
豬小里肌,脂肪,5.4
豬小里肌,蛋白質,21.1
豬小里肌,碳水化合物,0
切片火腿(雞肉),脂肪,4.1
切片火腿(雞肉),蛋白質,15.3
切片火腿(雞肉),碳水化合物,11.2
豬空腸,脂肪,16.8
豬空腸,蛋白質,10
豬空腸,碳水化合物,6.3
熟豬肚,脂肪,7.5
熟豬肚,蛋白質,16
熟豬肚,碳水化合物,2.7
去骨牛小排,脂肪,24
去骨牛小排,蛋白質,17.1
去骨牛小排,碳水化合物,0
牛肋條,脂肪,16.1
牛肋條,蛋白質,18.6
牛肋條,碳水化合物,1.1
牛肚(瘤胃),脂肪,1.4
牛肚(瘤胃),蛋白質,7.5
牛肚(瘤胃),碳水化合物,0
牛肚切片(瘤胃),脂肪,0.2
牛肚切片(瘤胃),蛋白質,15.3
牛肚切片(瘤胃),碳水化合物,0.3
牛去骨肩胛小排,脂肪,17.9
牛去骨肩胛小排,蛋白質,16.9
牛去骨肩胛小排,碳水化合物,1.2
沙朗牛排,脂肪,8.3
沙朗牛排,蛋白質,20.4
沙朗牛排,碳水化合物,1.5
腓力牛排,脂肪,10.7
腓力牛排,蛋白質,20.6
腓力牛排,碳水化合物,0.1
去骨紐約克牛排,脂肪,10.8
去骨紐約克牛排,蛋白質,21.3
去骨紐約克牛排,碳水化合物,0
牛修清前胸肉,脂肪,2.8
牛修清前胸肉,蛋白質,22.3
牛修清前胸肉,碳水化合物,0.9
牛肉香腸,脂肪,20.4
牛肉香腸,蛋白質,20.7
牛肉香腸,碳水化合物,7.8
法式羊排,脂肪,20
法式羊排,蛋白質,18.8
法式羊排,碳水化合物,0
山羊後腿肉火鍋片,脂肪,9.9
山羊後腿肉火鍋片,蛋白質,18.9
山羊後腿肉火鍋片,碳水化合物,0.1
豬大骨湯,脂肪,0.3
豬大骨湯,蛋白質,1
豬大骨湯,碳水化合物,0.4
豬肩骨湯,脂肪,0.3
豬肩骨湯,蛋白質,1.1
豬肩骨湯,碳水化合物,0.2
豬肋骨湯,脂肪,0.6
豬肋骨湯,蛋白質,0.7
豬肋骨湯,碳水化合物,0
豬前腳,脂肪,17.6
豬前腳,蛋白質,21.9
豬前腳,碳水化合物,0
豬肩胛排,脂肪,12.7
豬肩胛排,蛋白質,17.9
豬肩胛排,碳水化合物,0
豬後腿外腱肉,脂肪,10.5
豬後腿外腱肉,蛋白質,19
豬後腿外腱肉,碳水化合物,1.7
豬耳,脂肪,14.4
豬耳,蛋白質,24.2
豬耳,碳水化合物,0
豬尾,脂肪,25
豬尾,蛋白質,16.2
豬尾,碳水化合物,7.1
太空鴨,脂肪,27.8
太空鴨,蛋白質,16
太空鴨,碳水化合物,0
鴨腿,脂肪,24.5
鴨腿,蛋白質,14.4
鴨腿,碳水化合物,3.4
帶皮雞胸肉(肉雞),脂肪,15.1
帶皮雞胸肉(肉雞),蛋白質,19.3
帶皮雞胸肉(肉雞),碳水化合物,0
骨腿(肉雞),脂肪,16.9
骨腿(肉雞),蛋白質,14.4
骨腿(肉雞),碳水化合物,0
土雞,脂肪,11.9
土雞,蛋白質,19
土雞,碳水化合物,0
翅腿(肉雞),脂肪,14.8
翅腿(肉雞),蛋白質,17.8
翅腿(肉雞),碳水化合物,1
雞肉香腸(大),脂肪,16.3
雞肉香腸(大),蛋白質,22.4
雞肉香腸(大),碳水化合物,11.8
雞胸骨湯,脂肪,0.3
雞胸骨湯,蛋白質,1.5
雞胸骨湯,碳水化合物,0.2
鴨胗,脂肪,1.1
鴨胗,蛋白質,20.5
鴨胗,碳水化合物,0.3
豬脾臟,脂肪,1.6
豬脾臟,蛋白質,15
豬脾臟,碳水化合物,2
鴕鳥菲力肉排,脂肪,0.8
鴕鳥菲力肉排,蛋白質,22.8
鴕鳥菲力肉排,碳水化合物,0.8
鵝胸肉,脂肪,2.2
鵝胸肉,蛋白質,23.5
鵝胸肉,碳水化合物,0.2
鵝腿肉,脂肪,4.2
鵝腿肉,蛋白質,21.7
鵝腿肉,碳水化合物,0
鵝心,脂肪,19.9
鵝心,蛋白質,14.5
鵝心,碳水化合物,0
鵝肝,脂肪,3.9
鵝肝,蛋白質,20.5
鵝肝,碳水化合物,0.6
鵝胗,脂肪,2.3
鵝胗,蛋白質,17.4
鵝胗,碳水化合物,2.8
鵝腸,脂肪,2.6
鵝腸,蛋白質,9.2
鵝腸,碳水化合物,0.7
豬腳筋,脂肪,1.1
豬腳筋,蛋白質,14.4
豬腳筋,碳水化合物,0
骨腿(土雞),脂肪,4.1
骨腿(土雞),蛋白質,21.7
骨腿(土雞),碳水化合物,0
牛梅花肉火鍋片,脂肪,3.7
牛梅花肉火鍋片,蛋白質,20.3
牛梅花肉火鍋片,碳水化合物,0.9
太空鴨(去皮),脂肪,1.8
太空鴨(去皮),蛋白質,20.1
太空鴨(去皮),碳水化合物,0
小羊腰脊肉,脂肪,3.3
小羊腰脊肉,蛋白質,26.5
小羊腰脊肉,碳水化合物,0
豬絞肉(90％瘦肉率),脂肪,14
豬絞肉(90％瘦肉率),蛋白質,18.5
豬絞肉(90％瘦肉率),碳水化合物,0
豬絞肉(70％瘦肉率),脂肪,15.2
豬絞肉(70％瘦肉率),蛋白質,19
豬絞肉(70％瘦肉率),碳水化合物,0
豬白管,脂肪,3.6
豬白管,蛋白質,14.1
豬白管,碳水化合物,0
雞睪丸,脂肪,2.8
雞睪丸,蛋白質,10.6
雞睪丸,碳水化合物,0.2
鴨腸,脂肪,3.9
鴨腸,蛋白質,13.8
鴨腸,碳水化合物,0
滷牛筋,脂肪,2.8
滷牛筋,蛋白質,21.1
滷牛筋,碳水化合物,2.6
去骨肩頸眼羊肉,脂肪,13.5
去骨肩頸眼羊肉,蛋白質,17.8
去骨肩頸眼羊肉,碳水化合物,0
雉雞,脂肪,2.4
雉雞,蛋白質,24
雉雞,碳水化合物,0
牛筋,脂肪,7.2
牛筋,蛋白質,21.7
牛筋,碳水化合物,3.3
去皮雞胸肉(肉雞),脂肪,0.9
去皮雞胸肉(肉雞),蛋白質,22.4
去皮雞胸肉(肉雞),碳水化合物,0
冷凍烤雞翅,脂肪,14.2
冷凍烤雞翅,蛋白質,18.8
冷凍烤雞翅,碳水化合物,3.6
豬腹脇排,脂肪,20.7
豬腹脇排,蛋白質,18.7
豬腹脇排,碳水化合物,0
僧帽肌,脂肪,13.5
僧帽肌,蛋白質,20.4
僧帽肌,碳水化合物,0
雞絞肉,脂肪,1.6
雞絞肉,蛋白質,27.4
雞絞肉,碳水化合物,0
德國香腸,脂肪,21.4
德國香腸,蛋白質,15.9
德國香腸,碳水化合物,4.6
草對蝦,脂肪,0.7
草對蝦,蛋白質,22
草對蝦,碳水化合物,1
蝦米,脂肪,2.2
蝦米,蛋白質,57.1
蝦米,碳水化合物,0
文蛤,脂肪,0.5
文蛤,蛋白質,7.6
文蛤,碳水化合物,2.7
黑齒牡蠣,脂肪,1.5
黑齒牡蠣,蛋白質,9.7
黑齒牡蠣,碳水化合物,3.1
牡蠣干,脂肪,7.5
牡蠣干,蛋白質,41
牡蠣干,碳水化合物,26.2
白帶魚,脂肪,2
白帶魚,蛋白質,19.6
白帶魚,碳水化合物,0
虱目魚(含皮),脂肪,11.9
虱目魚(含皮),蛋白質,21.8
虱目魚(含皮),碳水化合物,0
大眼金梭魚,脂肪,7.1
大眼金梭魚,蛋白質,21.8
大眼金梭魚,碳水化合物,0
尼羅口孵非鯽(含皮),脂肪,4.7
尼羅口孵非鯽(含皮),蛋白質,19.4
尼羅口孵非鯽(含皮),碳水化合物,0
尼羅口孵非鯽(去皮),脂肪,2.9
尼羅口孵非鯽(去皮),蛋白質,20.4
尼羅口孵非鯽(去皮),碳水化合物,0
莫三比克口孵非鯽,脂肪,3.2
莫三比克口孵非鯽,蛋白質,19.5
莫三比克口孵非鯽,碳水化合物,0
綿羊腹脅肉火鍋片,脂肪,20
綿羊腹脅肉火鍋片,蛋白質,16.9
綿羊腹脅肉火鍋片,碳水化合物,2.5
山羊帶皮羊肉塊,脂肪,8.6
山羊帶皮羊肉塊,蛋白質,20.3
山羊帶皮羊肉塊,碳水化合物,3.4
板腱,脂肪,9
板腱,蛋白質,19.8
板腱,碳水化合物,0.2
叉燒肉,脂肪,13.1
叉燒肉,蛋白質,17.2
叉燒肉,碳水化合物,16.5
雞膝軟骨(肉雞),脂肪,2.2
雞膝軟骨(肉雞),蛋白質,20.4
雞膝軟骨(肉雞),碳水化合物,0.5
鴕腩肉,脂肪,5.9
鴕腩肉,蛋白質,21.2
鴕腩肉,碳水化合物,0.7
鴕腱肉,脂肪,3.1
鴕腱肉,蛋白質,18.7
鴕腱肉,碳水化合物,0.2
金線魚,脂肪,3.3
金線魚,蛋白質,20.9
金線魚,碳水化合物,0
秋刀魚,脂肪,25.9
秋刀魚,蛋白質,18.8
秋刀魚,碳水化合物,0
血斑異大眼鯛,脂肪,0.6
血斑異大眼鯛,蛋白質,20.6
血斑異大眼鯛,碳水化合物,0
鯔(含皮),脂肪,7.4
鯔(含皮),蛋白質,20.6
鯔(含皮),碳水化合物,0
灰海鰻,脂肪,1
灰海鰻,蛋白質,20.5
灰海鰻,碳水化合物,0
鰈魚切片,脂肪,14.8
鰈魚切片,蛋白質,13.2
鰈魚切片,碳水化合物,0.8
眼眶魚,脂肪,2.9
眼眶魚,蛋白質,20.3
眼眶魚,碳水化合物,0.2
小黃魚(去皮),脂肪,1.6
小黃魚(去皮),蛋白質,20
小黃魚(去皮),碳水化合物,0
烏鯧,脂肪,0.5
烏鯧,蛋白質,20.4
烏鯧,碳水化合物,0
真鯛(9月),脂肪,0
真鯛(9月),蛋白質,21.6
真鯛(9月),碳水化合物,0
雙髻鯊腹肉,脂肪,0
雙髻鯊腹肉,蛋白質,25.8
雙髻鯊腹肉,碳水化合物,0
鯖魚(醃製),脂肪,24
鯖魚(醃製),蛋白質,14.9
鯖魚(醃製),碳水化合物,1.3
鱅,脂肪,7.2
鱅,蛋白質,18.7
鱅,碳水化合物,0
正鰹,脂肪,5.6
正鰹,蛋白質,23.1
正鰹,碳水化合物,0
尖嘴鱸(含皮),脂肪,2.6
尖嘴鱸(含皮),蛋白質,19.6
尖嘴鱸(含皮),碳水化合物,0
小魚干,脂肪,4.4
小魚干,蛋白質,69.2
小魚干,碳水化合物,0
刺鯧(含皮),脂肪,8.7
刺鯧(含皮),蛋白質,17.8
刺鯧(含皮),碳水化合物,0
魚肉鬆,脂肪,20.2
魚肉鬆,蛋白質,28.2
魚肉鬆,碳水化合物,43.8
鹹小卷,脂肪,1.3
鹹小卷,蛋白質,20.1
鹹小卷,碳水化合物,1.9
白海參,脂肪,0.1
白海參,蛋白質,7.4
白海參,碳水化合物,0
真烏賊(大),脂肪,0.3
真烏賊(大),蛋白質,13.9
真烏賊(大),碳水化合物,0.8
章魚,脂肪,0.6
章魚,蛋白質,13
章魚,碳水化合物,0.9
蝦皮,脂肪,1.3
蝦皮,蛋白質,33.6
蝦皮,碳水化合物,2.7
海鱺,脂肪,2.1
海鱺,蛋白質,20.4
海鱺,碳水化合物,0
無斑圓鰺,脂肪,1.9
無斑圓鰺,蛋白質,23.9
無斑圓鰺,碳水化合物,0
鬼頭刀,脂肪,1.5
鬼頭刀,蛋白質,21.8
鬼頭刀,碳水化合物,0
日本花鱸(含皮),脂肪,4.8
日本花鱸(含皮),蛋白質,19.2
日本花鱸(含皮),碳水化合物,0
鹽漬小鱗脂眼鯡(鹹馧仔),脂肪,17
鹽漬小鱗脂眼鯡(鹹馧仔),蛋白質,17.4
鹽漬小鱗脂眼鯡(鹹馧仔),碳水化合物,0.3
雙帶鰺,脂肪,2.4
雙帶鰺,蛋白質,22.6
雙帶鰺,碳水化合物,0
日本紅目大眼鯛,脂肪,1.5
日本紅目大眼鯛,蛋白質,19.6
日本紅目大眼鯛,碳水化合物,0
鱷形叉尾鶴鱵,脂肪,0.3
鱷形叉尾鶴鱵,蛋白質,22.4
鱷形叉尾鶴鱵,碳水化合物,0.1
網紋龍占魚,脂肪,0.9
網紋龍占魚,蛋白質,21.7
網紋龍占魚,碳水化合物,0
橫紋鸚哥魚(含皮),脂肪,0
橫紋鸚哥魚(含皮),蛋白質,18.9
橫紋鸚哥魚(含皮),碳水化合物,0
馬拉巴笛鯛,脂肪,0
馬拉巴笛鯛,蛋白質,20.2
馬拉巴笛鯛,碳水化合物,0
中國對蝦,脂肪,0.2
中國對蝦,蛋白質,19.3
中國對蝦,碳水化合物,1
日本龍蝦,脂肪,0.1
日本龍蝦,蛋白質,21.5
日本龍蝦,碳水化合物,1
九孔螺,脂肪,1
九孔螺,蛋白質,15
九孔螺,碳水化合物,5.8
干貝(乾),脂肪,0.7
干貝(乾),蛋白質,58.5
干貝(乾),碳水化合物,15.5
鮑魚,脂肪,0.1
鮑魚,蛋白質,15.8
鮑魚,碳水化合物,9.5
鱗鰭叫姑魚,脂肪,2.3
鱗鰭叫姑魚,蛋白質,18.4
鱗鰭叫姑魚,碳水化合物,0.3
銀鯧(含皮),脂肪,6.7
銀鯧(含皮),蛋白質,16.8
銀鯧(含皮),碳水化合物,0.2
魩仔魚,脂肪,0.9
魩仔魚,蛋白質,11.1
魩仔魚,碳水化合物,0
多鱗沙鮻,脂肪,1.2
多鱗沙鮻,蛋白質,18.6
多鱗沙鮻,碳水化合物,0.6
花身鯻,脂肪,8.2
花身鯻,蛋白質,19.5
花身鯻,碳水化合物,0
黑斑海緋鯉,脂肪,1.8
黑斑海緋鯉,蛋白質,18.8
黑斑海緋鯉,碳水化合物,0
雙線鬚鰨,脂肪,0.8
雙線鬚鰨,蛋白質,19.9
雙線鬚鰨,碳水化合物,0.3
白馬頭魚,脂肪,1
白馬頭魚,蛋白質,19.2
白馬頭魚,碳水化合物,0.1
臺灣馬加鰆,脂肪,10.4
臺灣馬加鰆,蛋白質,20.2
臺灣馬加鰆,碳水化合物,0
草魚(含皮),脂肪,2
草魚(含皮),蛋白質,17.2
草魚(含皮),碳水化合物,0.8
杜氏鰤,脂肪,2.4
杜氏鰤,蛋白質,21.9
杜氏鰤,碳水化合物,0.2
鮪魚生魚片,脂肪,0.1
鮪魚生魚片,蛋白質,23.3
鮪魚生魚片,碳水化合物,0
鯉,脂肪,3.2
鯉,蛋白質,14.5
鯉,碳水化合物,2.1
鯊魚翅,脂肪,0
鯊魚翅,蛋白質,43.5
鯊魚翅,碳水化合物,0
黑棘鯛(含皮),脂肪,8.8
黑棘鯛(含皮),蛋白質,19.5
黑棘鯛(含皮),碳水化合物,0
大西洋鮭魚腹肉,脂肪,31
大西洋鮭魚腹肉,蛋白質,16.4
大西洋鮭魚腹肉,碳水化合物,0
紅蟳,脂肪,3.6
紅蟳,蛋白質,20.9
紅蟳,碳水化合物,6.5
台灣鎖管,脂肪,0.4
台灣鎖管,蛋白質,16
台灣鎖管,碳水化合物,1.6
布氏鯧鰺(含皮),脂肪,12.8
布氏鯧鰺(含皮),蛋白質,17.5
布氏鯧鰺(含皮),碳水化合物,0
薔薇項鰭魚(含皮),脂肪,1.8
薔薇項鰭魚(含皮),蛋白質,17.9
薔薇項鰭魚(含皮),碳水化合物,0
單角革單棘魨(含皮),脂肪,0
單角革單棘魨(含皮),蛋白質,17.9
單角革單棘魨(含皮),碳水化合物,0
松鯛,脂肪,2.3
松鯛,蛋白質,18.2
松鯛,碳水化合物,0.1
多鱗四指馬鮁,脂肪,7.2
多鱗四指馬鮁,蛋白質,19
多鱗四指馬鮁,碳水化合物,0
白姑魚,脂肪,1.8
白姑魚,蛋白質,18.8
白姑魚,碳水化合物,0
大甲鰺,脂肪,1.6
大甲鰺,蛋白質,21.2
大甲鰺,碳水化合物,0.4
柴魚片,脂肪,6.2
柴魚片,蛋白質,76.5
柴魚片,碳水化合物,2.6
三線磯鱸,脂肪,5.4
三線磯鱸,蛋白質,19
三線磯鱸,碳水化合物,0.6
花腹鯖,脂肪,4.6
花腹鯖,蛋白質,23.9
花腹鯖,碳水化合物,0
駝背鱸,脂肪,0.6
駝背鱸,蛋白質,18.1
駝背鱸,碳水化合物,0
鬍鯰,脂肪,13.8
鬍鯰,蛋白質,16.3
鬍鯰,碳水化合物,0
單斑笛鯛,脂肪,1.9
單斑笛鯛,蛋白質,20.7
單斑笛鯛,碳水化合物,0
斑鱧,脂肪,4.5
斑鱧,蛋白質,18.3
斑鱧,碳水化合物,0
蠑螺(加工),脂肪,0.2
蠑螺(加工),蛋白質,14.8
蠑螺(加工),碳水化合物,11
香魚片,脂肪,0.7
香魚片,蛋白質,36.1
香魚片,碳水化合物,39.1
隆脊管鞭蝦,脂肪,0.2
隆脊管鞭蝦,蛋白質,22.1
隆脊管鞭蝦,碳水化合物,0.6
麥奇鈎吻鮭(含皮),脂肪,6.8
麥奇鈎吻鮭(含皮),蛋白質,20.1
麥奇鈎吻鮭(含皮),碳水化合物,0.4
白鱸,脂肪,0.1
白鱸,蛋白質,17.7
白鱸,碳水化合物,1
環紋簑鮋,脂肪,0.1
環紋簑鮋,蛋白質,18.4
環紋簑鮋,碳水化合物,0
密點少棘胡椒鯛,脂肪,1.2
密點少棘胡椒鯛,蛋白質,19.5
密點少棘胡椒鯛,碳水化合物,0
象牙鳳螺,脂肪,0.7
象牙鳳螺,蛋白質,16.9
象牙鳳螺,碳水化合物,3.6
藍豬齒魚,脂肪,0.2
藍豬齒魚,蛋白質,18.5
藍豬齒魚,碳水化合物,0.2
克氏兔頭魨,脂肪,0.1
克氏兔頭魨,蛋白質,17.8
克氏兔頭魨,碳水化合物,0
斯氏長鰭烏魴,脂肪,0.1
斯氏長鰭烏魴,蛋白質,22.4
斯氏長鰭烏魴,碳水化合物,0
青星九刺鮨,脂肪,0.1
青星九刺鮨,蛋白質,19.3
青星九刺鮨,碳水化合物,0.5
大口逆鈎鰺,脂肪,1.1
大口逆鈎鰺,蛋白質,21.8
大口逆鈎鰺,碳水化合物,0.1
大管鞭蝦,脂肪,0.3
大管鞭蝦,蛋白質,19.8
大管鞭蝦,碳水化合物,0.6
香螺,脂肪,0.1
香螺,蛋白質,19.9
香螺,碳水化合物,0
日本對蝦(大),脂肪,0.5
日本對蝦(大),蛋白質,21.6
日本對蝦(大),碳水化合物,0
哈氏彷對蝦,脂肪,0.2
哈氏彷對蝦,蛋白質,18.7
哈氏彷對蝦,碳水化合物,0.6
西施舌,脂肪,1.6
西施舌,蛋白質,8.9
西施舌,碳水化合物,5.4
康氏馬加鰆切片(含皮),脂肪,10.4
康氏馬加鰆切片(含皮),蛋白質,19.3
康氏馬加鰆切片(含皮),碳水化合物,1.5
高麗馬加鰆,脂肪,4
高麗馬加鰆,蛋白質,19.4
高麗馬加鰆,碳水化合物,0.3
藍圓鰺,脂肪,1.3
藍圓鰺,蛋白質,24
藍圓鰺,碳水化合物,0
狗母魚(蛇鯔),脂肪,1.6
狗母魚(蛇鯔),蛋白質,20.8
狗母魚(蛇鯔),碳水化合物,0.1
日本馬頭魚,脂肪,0.6
日本馬頭魚,蛋白質,18.7
日本馬頭魚,碳水化合物,0
深海鱗角魚,脂肪,0.5
深海鱗角魚,蛋白質,17.7
深海鱗角魚,碳水化合物,0
希氏姬鯛,脂肪,0.1
希氏姬鯛,蛋白質,21.1
希氏姬鯛,碳水化合物,0.5
泰勃圓鰺,脂肪,1.7
泰勃圓鰺,蛋白質,22.8
泰勃圓鰺,碳水化合物,1.4
杜氏刺尾鯛,脂肪,6.2
杜氏刺尾鯛,蛋白質,19.1
杜氏刺尾鯛,碳水化合物,0.6
黃擬烏尾鮗,脂肪,0.1
黃擬烏尾鮗,蛋白質,18.7
黃擬烏尾鮗,碳水化合物,0.3
花尾唇指翁(翁加魚邊),脂肪,3.4
花尾唇指翁(翁加魚邊),蛋白質,19.8
花尾唇指翁(翁加魚邊),碳水化合物,0.6
相模後海螯蝦,脂肪,0.3
相模後海螯蝦,蛋白質,17.9
相模後海螯蝦,碳水化合物,0
螳螂蝦,脂肪,0.5
螳螂蝦,蛋白質,14.7
螳螂蝦,碳水化合物,0
石狗公,脂肪,0.2
石狗公,蛋白質,18.3
石狗公,碳水化合物,0
鱗網帶鰆(含皮),脂肪,20.7
鱗網帶鰆(含皮),蛋白質,18
鱗網帶鰆(含皮),碳水化合物,0
姬魚,脂肪,0.2
姬魚,蛋白質,24.1
姬魚,碳水化合物,0
鋸尾鯛,脂肪,1.4
鋸尾鯛,蛋白質,19
鋸尾鯛,碳水化合物,0.3
大目鮪,脂肪,0.1
大目鮪,蛋白質,23.9
大目鮪,碳水化合物,0
黃姑魚,脂肪,0.7
黃姑魚,蛋白質,19.4
黃姑魚,碳水化合物,0
鯖魚(生),脂肪,39.4
鯖魚(生),蛋白質,14.4
鯖魚(生),碳水化合物,0.2
鯖魚(煎),脂肪,35.9
鯖魚(煎),蛋白質,20
鯖魚(煎),碳水化合物,0
鯖魚(炸),脂肪,53.4
鯖魚(炸),蛋白質,17.2
鯖魚(炸),碳水化合物,0.1
鯖魚(煮),脂肪,34.5
鯖魚(煮),蛋白質,14.9
鯖魚(煮),碳水化合物,0.4
鯖魚(蒸),脂肪,36.5
鯖魚(蒸),蛋白質,14.6
鯖魚(蒸),碳水化合物,0.7
鯖魚(炒),脂肪,37.6
鯖魚(炒),蛋白質,16.7
鯖魚(炒),碳水化合物,0.1
鯖魚肉脯,脂肪,60.4
鯖魚肉脯,蛋白質,33.8
鯖魚肉脯,碳水化合物,1.5
"鯖魚(烤,150度,10分)",脂肪,37.8
"鯖魚(烤,150度,10分)",蛋白質,16.5
"鯖魚(烤,150度,10分)",碳水化合物,0
"鯖魚(烤,150度,20分)",脂肪,34.8
"鯖魚(烤,150度,20分)",蛋白質,19.1
"鯖魚(烤,150度,20分)",碳水化合物,0
"鯖魚(烤,150度,30分)",脂肪,50
"鯖魚(烤,150度,30分)",蛋白質,19.9
"鯖魚(烤,150度,30分)",碳水化合物,0
"鯖魚(烤,180度,10分)",脂肪,31.8
"鯖魚(烤,180度,10分)",蛋白質,20.2
"鯖魚(烤,180度,10分)",碳水化合物,0
"鯖魚(烤,210度,10分)",脂肪,43.4
"鯖魚(烤,210度,10分)",蛋白質,19
"鯖魚(烤,210度,10分)",碳水化合物,0
鬚赤蝦,脂肪,0.4
鬚赤蝦,蛋白質,20.7
鬚赤蝦,碳水化合物,0.6
孟加拉笛鯛,脂肪,0.3
孟加拉笛鯛,蛋白質,19.8
孟加拉笛鯛,碳水化合物,0
黑或(或字加魚邊),脂肪,8
黑或(或字加魚邊),蛋白質,17.9
黑或(或字加魚邊),碳水化合物,1.2
印度鐮齒魚,脂肪,0.5
印度鐮齒魚,蛋白質,10.4
印度鐮齒魚,碳水化合物,0.4
斑點雞籠鯧,脂肪,0.3
斑點雞籠鯧,蛋白質,21.9
斑點雞籠鯧,碳水化合物,0
褐臭肚魚,脂肪,8.8
褐臭肚魚,蛋白質,19.9
褐臭肚魚,碳水化合物,0.6
金錢魚,脂肪,12.6
金錢魚,蛋白質,19.3
金錢魚,碳水化合物,0
星雞魚,脂肪,1.2
星雞魚,蛋白質,20.6
星雞魚,碳水化合物,0.4
東方異腕蝦,脂肪,0.3
東方異腕蝦,蛋白質,17.7
東方異腕蝦,碳水化合物,0
蛙形蟹,脂肪,0.1
蛙形蟹,蛋白質,16.6
蛙形蟹,碳水化合物,2.8
金鱗魚,脂肪,0.1
金鱗魚,蛋白質,19.5
金鱗魚,碳水化合物,1.3
斑鰭飛魚,脂肪,0.1
斑鰭飛魚,蛋白質,22
斑鰭飛魚,碳水化合物,0.2
雙髻鯊,脂肪,0.1
雙髻鯊,蛋白質,27.4
雙髻鯊,碳水化合物,0
斑點九刺鮨(含皮),脂肪,0.1
斑點九刺鮨(含皮),蛋白質,19.4
斑點九刺鮨(含皮),碳水化合物,0
斑鱵,脂肪,0.3
斑鱵,蛋白質,20.6
斑鱵,碳水化合物,0.3
羅氏沼蝦,脂肪,0.1
羅氏沼蝦,蛋白質,20.3
羅氏沼蝦,碳水化合物,0.2
魟魚,脂肪,0.1
魟魚,蛋白質,24.8
魟魚,碳水化合物,0
斑海鯰,脂肪,0.5
斑海鯰,蛋白質,19.2
斑海鯰,碳水化合物,0
台灣蜆,脂肪,1.4
台灣蜆,蛋白質,8.9
台灣蜆,碳水化合物,9.8
海蜇皮,脂肪,0
海蜇皮,蛋白質,4.4
海蜇皮,碳水化合物,2.2
旗魚鬆,脂肪,21.9
旗魚鬆,蛋白質,31.3
旗魚鬆,碳水化合物,38.4
鮭魚鬆,脂肪,22
鮭魚鬆,蛋白質,29
鮭魚鬆,碳水化合物,34.9
鯊魚皮,脂肪,0.1
鯊魚皮,蛋白質,13.5
鯊魚皮,碳水化合物,0
黃鰭棘鯛,脂肪,6
黃鰭棘鯛,蛋白質,19.2
黃鰭棘鯛,碳水化合物,0.6
香魚,脂肪,7.5
香魚,蛋白質,18.5
香魚,碳水化合物,0
藍點鸚哥魚,脂肪,0.1
藍點鸚哥魚,蛋白質,20.1
藍點鸚哥魚,碳水化合物,0.6
軟翅仔,脂肪,0.8
軟翅仔,蛋白質,14.7
軟翅仔,碳水化合物,0.8
鯔魚精囊,脂肪,1.7
鯔魚精囊,蛋白質,17.3
鯔魚精囊,碳水化合物,0
綠殼菜蛤,脂肪,2.2
綠殼菜蛤,蛋白質,17.8
綠殼菜蛤,碳水化合物,2.6
綠殼菜蛤干(淡菜),脂肪,8.5
綠殼菜蛤干(淡菜),蛋白質,43.7
綠殼菜蛤干(淡菜),碳水化合物,23.9
蝦夷海扇蛤,脂肪,1.2
蝦夷海扇蛤,蛋白質,13.7
蝦夷海扇蛤,碳水化合物,2.3
旗魚肚,脂肪,0.4
旗魚肚,蛋白質,22.5
旗魚肚,碳水化合物,2.9
虱目魚(12月),脂肪,11.2
虱目魚(12月),蛋白質,21.4
虱目魚(12月),碳水化合物,0.1
虱目魚(2月),脂肪,10.6
虱目魚(2月),蛋白質,19.8
虱目魚(2月),碳水化合物,1.3
虱目魚(5月),脂肪,10.4
虱目魚(5月),蛋白質,22.3
虱目魚(5月),碳水化合物,0
日本花鱸((11月),脂肪,1.3
日本花鱸((11月),蛋白質,20.5
日本花鱸((11月),碳水化合物,0.1
日本花鱸((12月),脂肪,1.9
日本花鱸((12月),蛋白質,19.6
日本花鱸((12月),碳水化合物,0.4
日本花鱸(2月),脂肪,1
日本花鱸(2月),蛋白質,20.1
日本花鱸(2月),碳水化合物,1.9
日本花鱸((3月),脂肪,1.6
日本花鱸((3月),蛋白質,20
日本花鱸((3月),碳水化合物,0.5
虱目魚(9月),脂肪,12.7
虱目魚(9月),蛋白質,22
虱目魚(9月),碳水化合物,0
小黃魚(含皮),脂肪,1.9
小黃魚(含皮),蛋白質,19.4
小黃魚(含皮),碳水化合物,0
薔薇項鰭魚(去皮),脂肪,2.4
薔薇項鰭魚(去皮),蛋白質,17.3
薔薇項鰭魚(去皮),碳水化合物,0
福氏鸚哥魚(去皮),脂肪,0
福氏鸚哥魚(去皮),蛋白質,19.6
福氏鸚哥魚(去皮),碳水化合物,0.2
真鯛(11月),脂肪,2
真鯛(11月),蛋白質,20.3
真鯛(11月),碳水化合物,0
真鯛(1月),脂肪,1.6
真鯛(1月),蛋白質,20.1
真鯛(1月),碳水化合物,0.7
真鯛(3月),脂肪,1.3
真鯛(3月),蛋白質,20.8
真鯛(3月),碳水化合物,0.7
真鯛(5月),脂肪,0.1
真鯛(5月),蛋白質,20
真鯛(5月),碳水化合物,0
"鯔(11月,雄魚)",脂肪,4.2
"鯔(11月,雄魚)",蛋白質,21.3
"鯔(11月,雄魚)",碳水化合物,0
"鯔(11月,雌魚)",脂肪,5.5
"鯔(11月,雌魚)",蛋白質,21.5
"鯔(11月,雌魚)",碳水化合物,0
"鯔(12月,雄魚)",脂肪,5.2
"鯔(12月,雄魚)",蛋白質,21.1
"鯔(12月,雄魚)",碳水化合物,0.9
"鯔(12月,雌魚)",脂肪,6.2
"鯔(12月,雌魚)",蛋白質,21.8
"鯔(12月,雌魚)",碳水化合物,0.2
鯔(2月),脂肪,5.5
鯔(2月),蛋白質,20.4
鯔(2月),碳水化合物,1.6
鯔(4月),脂肪,5
鯔(4月),蛋白質,20.4
鯔(4月),碳水化合物,0.9
仿刺參,脂肪,0.1
仿刺參,蛋白質,8.2
仿刺參,碳水化合物,0.8
鰹魚卵,脂肪,10.2
鰹魚卵,蛋白質,21.5
鰹魚卵,碳水化合物,0.6
鯔魚卵,脂肪,15.9
鯔魚卵,蛋白質,26.3
鯔魚卵,碳水化合物,3.2
鯔魚卵(加工),脂肪,8.5
鯔魚卵(加工),蛋白質,36.6
鯔魚卵(加工),碳水化合物,18.7
白對蝦(小),脂肪,0.5
白對蝦(小),蛋白質,21.4
白對蝦(小),碳水化合物,0
銀鯧(12月),脂肪,5
銀鯧(12月),蛋白質,19.1
銀鯧(12月),碳水化合物,0.2
銀鯧(2月),脂肪,5.1
銀鯧(2月),蛋白質,17.9
銀鯧(2月),碳水化合物,0
銀鯧(3月),脂肪,5
銀鯧(3月),蛋白質,17.6
銀鯧(3月),碳水化合物,0.7
銀鯧(5月),脂肪,3.9
銀鯧(5月),蛋白質,16.4
銀鯧(5月),碳水化合物,0
鯊魚切片,脂肪,0
鯊魚切片,蛋白質,24.8
鯊魚切片,碳水化合物,0
紅海參,脂肪,0.1
紅海參,蛋白質,7.5
紅海參,碳水化合物,0
大黃魚,脂肪,7.8
大黃魚,蛋白質,16.8
大黃魚,碳水化合物,0.2
虱目魚(8月),脂肪,2.6
虱目魚(8月),蛋白質,23.7
虱目魚(8月),碳水化合物,0.5
日本花鱸((8月),脂肪,1.6
日本花鱸((8月),蛋白質,19
日本花鱸((8月),碳水化合物,1.5
真鯛(8月),脂肪,9.8
真鯛(8月),蛋白質,20.6
真鯛(8月),碳水化合物,1.7
銀鯧(8月),脂肪,2.9
銀鯧(8月),蛋白質,17.7
銀鯧(8月),碳水化合物,1.6
銀魚,脂肪,0.9
銀魚,蛋白質,14.3
銀魚,碳水化合物,0.9
"魩仔魚(加工,大)",脂肪,1
"魩仔魚(加工,大)",蛋白質,20.7
"魩仔魚(加工,大)",碳水化合物,1.1
"魩仔魚(加工,小)",脂肪,1.7
"魩仔魚(加工,小)",蛋白質,31.8
"魩仔魚(加工,小)",碳水化合物,0.9
日本銀帶鯡魚干(丁香魚脯),脂肪,5.8
日本銀帶鯡魚干(丁香魚脯),蛋白質,51.8
日本銀帶鯡魚干(丁香魚脯),碳水化合物,1.9
鮸魚卵(加工),脂肪,10.1
鮸魚卵(加工),蛋白質,21.9
鮸魚卵(加工),碳水化合物,3.6
泡魷魚,脂肪,0.2
泡魷魚,蛋白質,11.3
泡魷魚,碳水化合物,3
烏賊精囊,脂肪,0.2
烏賊精囊,蛋白質,9.8
烏賊精囊,碳水化合物,6.4
雪螺,脂肪,0.3
雪螺,蛋白質,8.9
雪螺,碳水化合物,0
鯔(8月),脂肪,16.7
鯔(8月),蛋白質,17.3
鯔(8月),碳水化合物,0
花身副麗魚,脂肪,4.1
花身副麗魚,蛋白質,17.7
花身副麗魚,碳水化合物,1.1
蟹腳肉,脂肪,0.2
蟹腳肉,蛋白質,11.6
蟹腳肉,碳水化合物,1.3
刺鯧(去皮),脂肪,1.6
刺鯧(去皮),蛋白質,18.8
刺鯧(去皮),碳水化合物,0.1
阿部牙鯛,脂肪,4.8
阿部牙鯛,蛋白質,18.9
阿部牙鯛,碳水化合物,0
大頭蝦仁,脂肪,0.2
大頭蝦仁,蛋白質,8.8
大頭蝦仁,碳水化合物,0
明蝦仁,脂肪,0.1
明蝦仁,蛋白質,11.9
明蝦仁,碳水化合物,0
紅蝦仁,脂肪,0.3
紅蝦仁,蛋白質,9.5
紅蝦仁,碳水化合物,1.5
草蝦仁,脂肪,0.3
草蝦仁,蛋白質,9.7
草蝦仁,碳水化合物,0.9
正櫻蝦(加工),脂肪,3.1
正櫻蝦(加工),蛋白質,52.6
正櫻蝦(加工),碳水化合物,13.4
泥螺,脂肪,0.3
泥螺,蛋白質,21.5
泥螺,碳水化合物,0.3
圓鱈魚卵(加工),脂肪,4.4
圓鱈魚卵(加工),蛋白質,11.2
圓鱈魚卵(加工),碳水化合物,0
龍蝦卵(調味),脂肪,1.8
龍蝦卵(調味),蛋白質,6.7
龍蝦卵(調味),碳水化合物,5.2
旗魚切片,脂肪,0
旗魚切片,蛋白質,26
旗魚切片,碳水化合物,0.8
鯨鯊切片,脂肪,0.1
鯨鯊切片,蛋白質,22.8
鯨鯊切片,碳水化合物,0
鱗網帶鰆切片,脂肪,22
鱗網帶鰆切片,蛋白質,17.3
鱗網帶鰆切片,碳水化合物,0
白肉鮭魚切片,脂肪,6.1
白肉鮭魚切片,蛋白質,22.6
白肉鮭魚切片,碳水化合物,0.3
紅肉鮭魚切片,脂肪,6
紅肉鮭魚切片,蛋白質,24.3
紅肉鮭魚切片,碳水化合物,0
康氏馬加鰆切片(去皮),脂肪,12.5
康氏馬加鰆切片(去皮),蛋白質,18.7
康氏馬加鰆切片(去皮),碳水化合物,0
黑棘鯛(去皮),脂肪,5.5
黑棘鯛(去皮),蛋白質,20.3
黑棘鯛(去皮),碳水化合物,0.6
麥奇鈎吻鮭(去皮),脂肪,7.8
麥奇鈎吻鮭(去皮),蛋白質,20.9
麥奇鈎吻鮭(去皮),碳水化合物,0
大口黑鱸,脂肪,4.6
大口黑鱸,蛋白質,20.7
大口黑鱸,碳水化合物,0
條紋狼鱸,脂肪,6.2
條紋狼鱸,蛋白質,21.4
條紋狼鱸,碳水化合物,0
紅色吳郭魚,脂肪,3.3
紅色吳郭魚,蛋白質,18.3
紅色吳郭魚,碳水化合物,1.3
台灣鯛魚片(生),脂肪,3.6
台灣鯛魚片(生),蛋白質,18.2
台灣鯛魚片(生),碳水化合物,2.5
台灣鯛魚片(微波),脂肪,3.7
台灣鯛魚片(微波),蛋白質,24.9
台灣鯛魚片(微波),碳水化合物,1.4
台灣鯛魚片(清蒸),脂肪,3.3
台灣鯛魚片(清蒸),蛋白質,19.3
台灣鯛魚片(清蒸),碳水化合物,2.2
台灣鯛魚片(油煎),脂肪,6.9
台灣鯛魚片(油煎),蛋白質,23.1
台灣鯛魚片(油煎),碳水化合物,1.9
台灣鯛魚片(水煮),脂肪,3.3
台灣鯛魚片(水煮),蛋白質,23.4
台灣鯛魚片(水煮),碳水化合物,1.3
台灣鯛魚湯(水煮),脂肪,0.2
台灣鯛魚湯(水煮),蛋白質,0.9
台灣鯛魚湯(水煮),碳水化合物,0
"台灣鯛魚片(烤,190℃,10分鐘)",脂肪,3
"台灣鯛魚片(烤,190℃,10分鐘)",蛋白質,19.7
"台灣鯛魚片(烤,190℃,10分鐘)",碳水化合物,1.8
"台灣鯛魚片(烤,190℃,20分鐘)",脂肪,4
"台灣鯛魚片(烤,190℃,20分鐘)",蛋白質,23
"台灣鯛魚片(烤,190℃,20分鐘)",碳水化合物,2.1
"台灣鯛魚片(烤,230℃,10分鐘)",脂肪,4
"台灣鯛魚片(烤,230℃,10分鐘)",蛋白質,21.3
"台灣鯛魚片(烤,230℃,10分鐘)",碳水化合物,1.5
"台灣鯛魚片(烤,230℃,20分鐘)",脂肪,4.1
"台灣鯛魚片(烤,230℃,20分鐘)",蛋白質,24.6
"台灣鯛魚片(烤,230℃,20分鐘)",碳水化合物,2.5
大口鰜切片(含皮),脂肪,11.5
大口鰜切片(含皮),蛋白質,14.7
大口鰜切片(含皮),碳水化合物,0
扁魚干,脂肪,7.9
扁魚干,蛋白質,66.3
扁魚干,碳水化合物,1.1
鮪魚肚,脂肪,0.7
鮪魚肚,蛋白質,23.4
鮪魚肚,碳水化合物,0
北方長額蝦(加工),脂肪,4.1
北方長額蝦(加工),蛋白質,19.9
北方長額蝦(加工),碳水化合物,2.7
尖嘴鱸(去皮),脂肪,1.2
尖嘴鱸(去皮),蛋白質,20.6
尖嘴鱸(去皮),碳水化合物,0.1
眼斑擬石首魚,脂肪,1.2
眼斑擬石首魚,蛋白質,19.7
眼斑擬石首魚,碳水化合物,0.9
大西洋鮭魚(台灣養殖),脂肪,6
大西洋鮭魚(台灣養殖),蛋白質,23.6
大西洋鮭魚(台灣養殖),碳水化合物,0
大西洋鮭魚切片(中段),脂肪,9.5
大西洋鮭魚切片(中段),蛋白質,20.7
大西洋鮭魚切片(中段),碳水化合物,0
大西洋鮭魚切片(尾段),脂肪,12.8
大西洋鮭魚切片(尾段),蛋白質,20.7
大西洋鮭魚切片(尾段),碳水化合物,0
大西洋鮭魚生魚片,脂肪,15.3
大西洋鮭魚生魚片,蛋白質,19.6
大西洋鮭魚生魚片,碳水化合物,0
犬牙南極魚切片,脂肪,25.5
犬牙南極魚切片,蛋白質,12.1
犬牙南極魚切片,碳水化合物,0
長體油胡瓜魚,脂肪,4.4
長體油胡瓜魚,蛋白質,15
長體油胡瓜魚,碳水化合物,0
日本銀帶鯡,脂肪,1.3
日本銀帶鯡,蛋白質,21
日本銀帶鯡,碳水化合物,0
鱖,脂肪,1.5
鱖,蛋白質,17.7
鱖,碳水化合物,0
前鱗笛鯛,脂肪,0.8
前鱗笛鯛,蛋白質,22
前鱗笛鯛,碳水化合物,0.9
范氏副葉鰺,脂肪,2.1
范氏副葉鰺,蛋白質,20.9
范氏副葉鰺,碳水化合物,2.1
史氏紅諧魚,脂肪,0.7
史氏紅諧魚,蛋白質,21.1
史氏紅諧魚,碳水化合物,0
後刺尾鯛,脂肪,1.7
後刺尾鯛,蛋白質,20.4
後刺尾鯛,碳水化合物,0
斑帶石斑魚,脂肪,0.5
斑帶石斑魚,蛋白質,20.2
斑帶石斑魚,碳水化合物,0
橫紋九刺鮨,脂肪,0.3
橫紋九刺鮨,蛋白質,19.3
橫紋九刺鮨,碳水化合物,0
鰆魚卵,脂肪,10.2
鰆魚卵,蛋白質,23.5
鰆魚卵,碳水化合物,0.2
棕點石斑魚,脂肪,3.7
棕點石斑魚,蛋白質,19.1
棕點石斑魚,碳水化合物,0
青嘴龍占魚,脂肪,3.4
青嘴龍占魚,蛋白質,22.7
青嘴龍占魚,碳水化合物,0
平鯛,脂肪,4.4
平鯛,蛋白質,31.8
平鯛,碳水化合物,0
斑點九刺鮨(去皮),脂肪,0.2
斑點九刺鮨(去皮),蛋白質,18.8
斑點九刺鮨(去皮),碳水化合物,0.9
鮸,脂肪,0.5
鮸,蛋白質,23.3
鮸,碳水化合物,0
阿根廷魷,脂肪,2
阿根廷魷,蛋白質,12.4
阿根廷魷,碳水化合物,0.4
蝸牛肉,脂肪,0.7
蝸牛肉,蛋白質,16.7
蝸牛肉,碳水化合物,0
海鱺魚片,脂肪,19.7
海鱺魚片,蛋白質,19.3
海鱺魚片,碳水化合物,0
海鱸蝦仁,脂肪,0.4
海鱸蝦仁,蛋白質,16.3
海鱸蝦仁,碳水化合物,1.3
黃鱔,脂肪,1.4
黃鱔,蛋白質,17.6
黃鱔,碳水化合物,1
日本竹筴魚,脂肪,2
日本竹筴魚,蛋白質,23
日本竹筴魚,碳水化合物,0
鯔切片,脂肪,8.8
鯔切片,蛋白質,21.2
鯔切片,碳水化合物,0
油魚卵(加工),脂肪,27.3
油魚卵(加工),蛋白質,46.6
油魚卵(加工),碳水化合物,0
低眼無齒芒魚片(芒加魚邊),脂肪,1.7
低眼無齒芒魚片(芒加魚邊),蛋白質,14.2
低眼無齒芒魚片(芒加魚邊),碳水化合物,0
布氏鯧鰺(去皮),脂肪,11.7
布氏鯧鰺(去皮),蛋白質,20.3
布氏鯧鰺(去皮),碳水化合物,0
葉唇笛鯛,脂肪,3.7
葉唇笛鯛,蛋白質,19.9
葉唇笛鯛,碳水化合物,0
藍對蝦,脂肪,0.6
藍對蝦,蛋白質,20.9
藍對蝦,碳水化合物,0
環文蛤,脂肪,1
環文蛤,蛋白質,8.7
環文蛤,碳水化合物,3.7
帶殼真牡蠣(生蠔),脂肪,1.9
帶殼真牡蠣(生蠔),蛋白質,9.8
帶殼真牡蠣(生蠔),碳水化合物,6.7
真牡蠣,脂肪,1.2
真牡蠣,蛋白質,9
真牡蠣,碳水化合物,1.8
小干貝(乾),脂肪,2.2
小干貝(乾),蛋白質,48.9
小干貝(乾),碳水化合物,6.1
日本對蝦(小),脂肪,0.8
日本對蝦(小),蛋白質,20.9
日本對蝦(小),碳水化合物,1.8
魚肉脯,脂肪,1.7
魚肉脯,蛋白質,21.9
魚肉脯,碳水化合物,0.2
鯛魚下巴,脂肪,19.6
鯛魚下巴,蛋白質,16.1
鯛魚下巴,碳水化合物,0
大文蛤,脂肪,0.2
大文蛤,蛋白質,4.4
大文蛤,碳水化合物,1.5
虱目魚腹肉(虱目魚肚),脂肪,29.6
虱目魚腹肉(虱目魚肚),蛋白質,17.4
虱目魚腹肉(虱目魚肚),碳水化合物,0
鳳尾蝦仁,脂肪,0.8
鳳尾蝦仁,蛋白質,13.4
鳳尾蝦仁,碳水化合物,0.3
小卷干,脂肪,2.1
小卷干,蛋白質,53.2
小卷干,碳水化合物,4.7
白對蝦(大),脂肪,1.5
白對蝦(大),蛋白質,22.3
白對蝦(大),碳水化合物,0
黑烏參,脂肪,0.1
黑烏參,蛋白質,6.5
黑烏參,碳水化合物,0
南美刺參,脂肪,0
南美刺參,蛋白質,12
南美刺參,碳水化合物,0
旗魚腹肉,脂肪,1.1
旗魚腹肉,蛋白質,22.2
旗魚腹肉,碳水化合物,0
星斑真鯧,脂肪,16.3
星斑真鯧,蛋白質,15.6
星斑真鯧,碳水化合物,0
草魚切片,脂肪,8.3
草魚切片,蛋白質,21.4
草魚切片,碳水化合物,2.1
圓鱈魚鰓肉,脂肪,2.5
圓鱈魚鰓肉,蛋白質,14.5
圓鱈魚鰓肉,碳水化合物,3.9
胭脂蝦,脂肪,6.1
胭脂蝦,蛋白質,13.8
胭脂蝦,碳水化合物,0.7
日本銀帶鯡(加工),脂肪,2.1
日本銀帶鯡(加工),蛋白質,21.5
日本銀帶鯡(加工),碳水化合物,1.2
波紋橫簾蛤,脂肪,1
波紋橫簾蛤,蛋白質,9.2
波紋橫簾蛤,碳水化合物,4.6
菲律賓簾蛤,脂肪,0.5
菲律賓簾蛤,蛋白質,7.5
菲律賓簾蛤,碳水化合物,4.1
白緣星鱠,脂肪,1.8
白緣星鱠,蛋白質,19.9
白緣星鱠,碳水化合物,0
鱗馬鞭魚,脂肪,0.5
鱗馬鞭魚,蛋白質,18.5
鱗馬鞭魚,碳水化合物,0
鮟鱇,脂肪,0.5
鮟鱇,蛋白質,14.9
鮟鱇,碳水化合物,0.6
鮟鱇魚肝,脂肪,8.6
鮟鱇魚肝,蛋白質,13.6
鮟鱇魚肝,碳水化合物,1.9
鬼頭刀魚片,脂肪,0.5
鬼頭刀魚片,蛋白質,17.2
鬼頭刀魚片,碳水化合物,0
尖鎖管,脂肪,1.5
尖鎖管,蛋白質,20.2
尖鎖管,碳水化合物,2.4
真烏賊(小),脂肪,0.9
真烏賊(小),蛋白質,10.5
真烏賊(小),碳水化合物,6.6
單角革單棘魨(去皮),脂肪,0.6
單角革單棘魨(去皮),蛋白質,17.2
單角革單棘魨(去皮),碳水化合物,0
鴨皮蛋,脂肪,11.4
鴨皮蛋,蛋白質,12.8
鴨皮蛋,碳水化合物,2.7
雞蛋(高DHA),脂肪,8.6
雞蛋(高DHA),蛋白質,12.5
雞蛋(高DHA),碳水化合物,1.8
茶葉蛋(市售),脂肪,8.7
茶葉蛋(市售),蛋白質,13.5
茶葉蛋(市售),碳水化合物,3.5
鴨蛋白,脂肪,0
鴨蛋白,蛋白質,10.8
鴨蛋白,碳水化合物,1.4
鴨蛋黃,脂肪,30.8
鴨蛋黃,蛋白質,15.8
鴨蛋黃,碳水化合物,2
雞蛋白(白殼),脂肪,0.1
雞蛋白(白殼),蛋白質,10.7
雞蛋白(白殼),碳水化合物,0
雞蛋黃(白殼),脂肪,28.9
雞蛋黃(白殼),蛋白質,16
雞蛋黃(白殼),碳水化合物,1.6
鴨熟鹹蛋,脂肪,13.8
鴨熟鹹蛋,蛋白質,13.7
鴨熟鹹蛋,碳水化合物,0.8
雞鐵蛋,脂肪,17.5
雞鐵蛋,蛋白質,26.6
雞鐵蛋,碳水化合物,5.9
雞滷蛋(市售),脂肪,11.4
雞滷蛋(市售),蛋白質,15.7
雞滷蛋(市售),碳水化合物,6.4
鴿蛋,脂肪,5.7
鴿蛋,蛋白質,10.2
鴿蛋,碳水化合物,2.5
鵝蛋,脂肪,15
鵝蛋,蛋白質,10
鵝蛋,碳水化合物,3.2
鵪鶉蛋,脂肪,13
鵪鶉蛋,蛋白質,12.7
鵪鶉蛋,碳水化合物,1.2
土雞蛋,脂肪,8.1
土雞蛋,蛋白質,12.9
土雞蛋,碳水化合物,1.7
雞水煮蛋,脂肪,9.2
雞水煮蛋,蛋白質,14
雞水煮蛋,碳水化合物,1.7
蒸蛋(市售),脂肪,1.8
蒸蛋(市售),蛋白質,3.6
蒸蛋(市售),碳水化合物,3.4
鵪鶉皮蛋,脂肪,10.9
鵪鶉皮蛋,蛋白質,13.8
鵪鶉皮蛋,碳水化合物,1.8
雞蛋(高維生素A&E),脂肪,9
雞蛋(高維生素A&E),蛋白質,12.1
雞蛋(高維生素A&E),碳水化合物,0
鵪鶉鐵蛋,脂肪,26.9
鵪鶉鐵蛋,蛋白質,28.8
鵪鶉鐵蛋,碳水化合物,20.4
雞皮蛋,脂肪,8.5
雞皮蛋,蛋白質,12.8
雞皮蛋,碳水化合物,3.6
紅面番鴨蛋,脂肪,15.6
紅面番鴨蛋,蛋白質,13.1
紅面番鴨蛋,碳水化合物,0
雞蛋(高亞麻油酸),脂肪,8.4
雞蛋(高亞麻油酸),蛋白質,13
雞蛋(高亞麻油酸),碳水化合物,0.8
雞蛋(高次亞麻油酸),脂肪,9.4
雞蛋(高次亞麻油酸),蛋白質,12.4
雞蛋(高次亞麻油酸),碳水化合物,2.8
雞蛋(黃殼),脂肪,8.6
雞蛋(黃殼),蛋白質,12.5
雞蛋(黃殼),碳水化合物,2
鴨鹹蛋黃,脂肪,47.6
鴨鹹蛋黃,蛋白質,23.6
鴨鹹蛋黃,碳水化合物,1.3
鴨生鹹蛋,脂肪,14.7
鴨生鹹蛋,蛋白質,12.5
鴨生鹹蛋,碳水化合物,0
雞蛋(高維生素E),脂肪,9.7
雞蛋(高維生素E),蛋白質,12.8
雞蛋(高維生素E),碳水化合物,1.4
雞蛋黃(高維生素E),脂肪,27
雞蛋黃(高維生素E),蛋白質,16.2
雞蛋黃(高維生素E),碳水化合物,5.4
土雞皮蛋,脂肪,7.6
土雞皮蛋,蛋白質,12.2
土雞皮蛋,碳水化合物,2.3
鴨熟鹹蛋(薄鹽),脂肪,13.8
鴨熟鹹蛋(薄鹽),蛋白質,13.7
鴨熟鹹蛋(薄鹽),碳水化合物,3.5
雞蛋白(黃殼),脂肪,0.2
雞蛋白(黃殼),蛋白質,11.6
雞蛋白(黃殼),碳水化合物,1.2
雞蛋黃(黃殼),脂肪,24.7
雞蛋黃(黃殼),蛋白質,14.5
雞蛋黃(黃殼),碳水化合物,5.6
雞蛋(白殼),脂肪,9.1
雞蛋(白殼),蛋白質,12.6
雞蛋(白殼),碳水化合物,1.6
雞水波蛋,脂肪,10.7
雞水波蛋,蛋白質,11.6
雞水波蛋,碳水化合物,0.8
雞水煮蛋白,脂肪,0.2
雞水煮蛋白,蛋白質,13.6
雞水煮蛋白,碳水化合物,1.5
雞水煮蛋黃,脂肪,30.5
雞水煮蛋黃,蛋白質,15.5
雞水煮蛋黃,碳水化合物,2.9
雞滷蛋(現煮),脂肪,11.1
雞滷蛋(現煮),蛋白質,16.6
雞滷蛋(現煮),碳水化合物,3.1
雞滷蛋白(現煮),脂肪,0.2
雞滷蛋白(現煮),蛋白質,16.6
雞滷蛋白(現煮),碳水化合物,3.9
雞滷蛋黃(現煮),脂肪,33.8
雞滷蛋黃(現煮),蛋白質,16.6
雞滷蛋黃(現煮),碳水化合物,1.3
雞滷蛋(浸泡隔夜),脂肪,10.8
雞滷蛋(浸泡隔夜),蛋白質,16.9
雞滷蛋(浸泡隔夜),碳水化合物,4.4
雞滷蛋白(浸泡隔夜),脂肪,0.2
雞滷蛋白(浸泡隔夜),蛋白質,16.7
雞滷蛋白(浸泡隔夜),碳水化合物,5.2
雞滷蛋黃(浸泡隔夜),脂肪,33.6
雞滷蛋黃(浸泡隔夜),蛋白質,17.4
雞滷蛋黃(浸泡隔夜),碳水化合物,2.6
茶葉蛋(浸泡隔夜),脂肪,9.4
茶葉蛋(浸泡隔夜),蛋白質,13.8
茶葉蛋(浸泡隔夜),碳水化合物,0.9
茶葉蛋白(浸泡隔夜),脂肪,0.1
茶葉蛋白(浸泡隔夜),蛋白質,12.9
茶葉蛋白(浸泡隔夜),碳水化合物,0.4
茶葉蛋黃(浸泡隔夜),脂肪,30.3
茶葉蛋黃(浸泡隔夜),蛋白質,15.7
茶葉蛋黃(浸泡隔夜),碳水化合物,2.2
荷包蛋(加油1小匙),脂肪,14.9
荷包蛋(加油1小匙),蛋白質,13
荷包蛋(加油1小匙),碳水化合物,1.6
荷包蛋(不加油),脂肪,11.2
荷包蛋(不加油),蛋白質,14
荷包蛋(不加油),碳水化合物,1.4
煎蛋(不加油),脂肪,11.3
煎蛋(不加油),蛋白質,13.5
煎蛋(不加油),碳水化合物,4.9
炒蛋(加油3大匙),脂肪,16.1
炒蛋(加油3大匙),蛋白質,12.9
炒蛋(加油3大匙),碳水化合物,4.6
蒸蛋(電鍋),脂肪,6
蒸蛋(電鍋),蛋白質,5.8
蒸蛋(電鍋),碳水化合物,1.3
蒸蛋(微波爐),脂肪,6
蒸蛋(微波爐),蛋白質,6.4
蒸蛋(微波爐),碳水化合物,1.8
烏骨雞蛋,脂肪,11.6
烏骨雞蛋,蛋白質,12.7
烏骨雞蛋,碳水化合物,2.4
初卵雞蛋,脂肪,9.2
初卵雞蛋,蛋白質,12.3
初卵雞蛋,碳水化合物,1.4
鵪鶉水煮蛋,脂肪,12.1
鵪鶉水煮蛋,蛋白質,12.3
鵪鶉水煮蛋,碳水化合物,0
溫泉蛋,脂肪,7.8
溫泉蛋,蛋白質,12.9
溫泉蛋,碳水化合物,3.8
烏骨雞蛋白,脂肪,0
烏骨雞蛋白,蛋白質,10.6
烏骨雞蛋白,碳水化合物,1.7
烏骨雞蛋黃,脂肪,30.6
烏骨雞蛋黃,蛋白質,15.5
烏骨雞蛋黃,碳水化合物,1.4
鵪鶉鹹蛋,脂肪,12.3
鵪鶉鹹蛋,蛋白質,13.7
鵪鶉鹹蛋,碳水化合物,1.9
淡煉乳,脂肪,8.3
淡煉乳,蛋白質,6.5
淡煉乳,碳水化合物,9.1
脫脂奶粉(即溶),脂肪,1
脫脂奶粉(即溶),蛋白質,38
脫脂奶粉(即溶),碳水化合物,48.8
奶精粉,脂肪,33
奶精粉,蛋白質,2.2
奶精粉,碳水化合物,59.5
巧克力冰淇淋,脂肪,9.1
巧克力冰淇淋,蛋白質,4.2
巧克力冰淇淋,碳水化合物,21.4
香草冰淇淋,脂肪,9.1
香草冰淇淋,蛋白質,2.5
香草冰淇淋,碳水化合物,22.6
羊乳片,脂肪,4.5
羊乳片,蛋白質,23.4
羊乳片,碳水化合物,62.1
全脂羊奶粉,脂肪,29.8
全脂羊奶粉,蛋白質,26.7
全脂羊奶粉,碳水化合物,34.8
切片乾酪,脂肪,23.7
切片乾酪,蛋白質,18.3
切片乾酪,碳水化合物,5.9
加糖部份脫脂煉乳,脂肪,7.8
加糖部份脫脂煉乳,蛋白質,7.5
加糖部份脫脂煉乳,碳水化合物,56.2
全脂凝態發酵乳,脂肪,3.3
全脂凝態發酵乳,蛋白質,3.1
全脂凝態發酵乳,碳水化合物,13.6
中脂凝態發酵乳(草莓),脂肪,2.7
中脂凝態發酵乳(草莓),蛋白質,3.7
中脂凝態發酵乳(草莓),碳水化合物,15.7
低脂濃稠發酵乳,脂肪,1.1
低脂濃稠發酵乳,蛋白質,2.3
低脂濃稠發酵乳,碳水化合物,13.6
脫脂稀釋發酵乳,脂肪,0.1
脫脂稀釋發酵乳,蛋白質,1.1
脫脂稀釋發酵乳,碳水化合物,15.8
脫脂濃稠發酵乳(草莓),脂肪,0.4
脫脂濃稠發酵乳(草莓),蛋白質,2.3
脫脂濃稠發酵乳(草莓),碳水化合物,13.8
部份脫脂調味奶粉(果汁),脂肪,12.3
部份脫脂調味奶粉(果汁),蛋白質,19.8
部份脫脂調味奶粉(果汁),碳水化合物,61.4
低脂調味乳(木瓜),脂肪,1.3
低脂調味乳(木瓜),蛋白質,1.8
低脂調味乳(木瓜),碳水化合物,10.5
中脂調味乳(果汁),脂肪,1.6
中脂調味乳(果汁),蛋白質,1.6
中脂調味乳(果汁),碳水化合物,8.4
全脂鮮乳(11月取樣),脂肪,3.5
全脂鮮乳(11月取樣),蛋白質,3.1
全脂鮮乳(11月取樣),碳水化合物,4.6
中脂鮮乳,脂肪,1.9
中脂鮮乳,蛋白質,3.1
中脂鮮乳,碳水化合物,4.8
冰淇淋粉(香草),脂肪,11.7
冰淇淋粉(香草),蛋白質,15.9
冰淇淋粉(香草),碳水化合物,65.3
脫脂保久濃稠發酵乳(草莓&蘋果),脂肪,0.2
脫脂保久濃稠發酵乳(草莓&蘋果),蛋白質,3
脫脂保久濃稠發酵乳(草莓&蘋果),碳水化合物,13.6
低脂鮮乳,脂肪,1.3
低脂鮮乳,蛋白質,3.1
低脂鮮乳,碳水化合物,5
中脂調味乳(維生素強化),脂肪,1.9
中脂調味乳(維生素強化),蛋白質,2
中脂調味乳(維生素強化),碳水化合物,8.6
低脂強化鮮乳(維生素E強化),脂肪,1.3
低脂強化鮮乳(維生素E強化),蛋白質,3
低脂強化鮮乳(維生素E強化),碳水化合物,4.2
中脂調味保久乳(布丁),脂肪,1.7
中脂調味保久乳(布丁),蛋白質,1.6
中脂調味保久乳(布丁),碳水化合物,9.8
全脂保久乳,脂肪,3.4
全脂保久乳,蛋白質,3
全脂保久乳,碳水化合物,5.1
中脂保久乳,脂肪,1.8
中脂保久乳,蛋白質,3.2
中脂保久乳,碳水化合物,4.8
中脂調味乳(纖維&維生素E強化),脂肪,2.1
中脂調味乳(纖維&維生素E強化),蛋白質,2.4
中脂調味乳(纖維&維生素E強化),碳水化合物,9.3
中脂調味乳(鈣強化),脂肪,2.6
中脂調味乳(鈣強化),蛋白質,2.3
中脂調味乳(鈣強化),碳水化合物,8.9
全脂奶粉,脂肪,28.2
全脂奶粉,蛋白質,26.4
全脂奶粉,碳水化合物,37
部份脫脂奶粉,脂肪,11.6
部份脫脂奶粉,蛋白質,32.8
部份脫脂奶粉,碳水化合物,46.1
脫脂強化奶粉(鈣&維生素A強化),脂肪,1
脫脂強化奶粉(鈣&維生素A強化),蛋白質,38
脫脂強化奶粉(鈣&維生素A強化),碳水化合物,48.8
全脂強化奶粉(纖維強化),脂肪,27
全脂強化奶粉(纖維強化),蛋白質,25.6
全脂強化奶粉(纖維強化),碳水化合物,39.5
中脂強化鮮乳(脂肪酸調整),脂肪,2
中脂強化鮮乳(脂肪酸調整),蛋白質,2
中脂強化鮮乳(脂肪酸調整),碳水化合物,8.6
全脂鮮乳(12月取樣),脂肪,3.4
全脂鮮乳(12月取樣),蛋白質,3.2
全脂鮮乳(12月取樣),碳水化合物,5.2
中脂調味乳(多穀類),脂肪,3.1
中脂調味乳(多穀類),蛋白質,2.4
中脂調味乳(多穀類),碳水化合物,7.6
脫脂強化鮮乳(鐵強化),脂肪,0.2
脫脂強化鮮乳(鐵強化),蛋白質,4.2
脫脂強化鮮乳(鐵強化),碳水化合物,5.6
高脂強化鮮乳(寡醣強化),脂肪,4.1
高脂強化鮮乳(寡醣強化),蛋白質,3.2
高脂強化鮮乳(寡醣強化),碳水化合物,5.1
脫脂強化奶粉(鈣&鐵強化),脂肪,0.7
脫脂強化奶粉(鈣&鐵強化),蛋白質,35.6
脫脂強化奶粉(鈣&鐵強化),碳水化合物,52.3
部份脫脂強化奶粉(纖維&鈣強化),脂肪,3.7
部份脫脂強化奶粉(纖維&鈣強化),蛋白質,35.9
部份脫脂強化奶粉(纖維&鈣強化),碳水化合物,48.9
部份脫脂低乳糖奶粉,脂肪,10.4
部份脫脂低乳糖奶粉,蛋白質,34.6
部份脫脂低乳糖奶粉,碳水化合物,45.6
鮮奶布丁,脂肪,5.1
鮮奶布丁,蛋白質,3
鮮奶布丁,碳水化合物,13.1
部份脫脂奶粉(即溶),脂肪,16.4
部份脫脂奶粉(即溶),蛋白質,23.7
部份脫脂奶粉(即溶),碳水化合物,51.6
奶精粉(低脂),脂肪,15.7
奶精粉(低脂),蛋白質,2.1
奶精粉(低脂),碳水化合物,75.2
切片乾酪(低脂),脂肪,13
切片乾酪(低脂),蛋白質,21.7
切片乾酪(低脂),碳水化合物,8.8
脫脂強化鮮乳(鈣強化),脂肪,0.3
脫脂強化鮮乳(鈣強化),蛋白質,3.5
脫脂強化鮮乳(鈣強化),碳水化合物,6.3
保久羊乳,脂肪,3.3
保久羊乳,蛋白質,3
保久羊乳,碳水化合物,4.5
中脂調味保久羊乳(果汁),脂肪,2.8
中脂調味保久羊乳(果汁),蛋白質,2.9
中脂調味保久羊乳(果汁),碳水化合物,9.5
部份脫脂強化奶粉(脂肪酸調整),脂肪,23.5
部份脫脂強化奶粉(脂肪酸調整),蛋白質,22.7
部份脫脂強化奶粉(脂肪酸調整),碳水化合物,45.9
脫脂強化奶粉(抗氧化),脂肪,1
脫脂強化奶粉(抗氧化),蛋白質,32.3
脫脂強化奶粉(抗氧化),碳水化合物,56.6
全脂鮮乳(10月取樣),脂肪,3.7
全脂鮮乳(10月取樣),蛋白質,3
全脂鮮乳(10月取樣),碳水化合物,4.8
全脂鮮乳(1月取樣),脂肪,3.6
全脂鮮乳(1月取樣),蛋白質,2.9
全脂鮮乳(1月取樣),碳水化合物,4.7
全脂鮮乳(4月取樣),脂肪,3.6
全脂鮮乳(4月取樣),蛋白質,2.9
全脂鮮乳(4月取樣),碳水化合物,4.6
烤布丁,脂肪,4.7
烤布丁,蛋白質,4.7
烤布丁,碳水化合物,16.2
刨絲乾酪,脂肪,22.6
刨絲乾酪,蛋白質,25.1
刨絲乾酪,碳水化合物,4.4
液體奶精,脂肪,26.3
液體奶精,蛋白質,3.9
液體奶精,碳水化合物,2.5
高脂鮮乳,脂肪,4
高脂鮮乳,蛋白質,3.2
高脂鮮乳,碳水化合物,6.1
中脂鮮羊乳,脂肪,2.4
中脂鮮羊乳,蛋白質,2.7
中脂鮮羊乳,碳水化合物,3.9
部份脫脂強化奶粉(纖維&DHA強化),脂肪,22.1
部份脫脂強化奶粉(纖維&DHA強化),蛋白質,23.2
部份脫脂強化奶粉(纖維&DHA強化),碳水化合物,47.3
高脂鮮羊乳,脂肪,4
高脂鮮羊乳,蛋白質,3.4
高脂鮮羊乳,碳水化合物,4.2
脫脂稀釋發酵乳(鈣強化),脂肪,0.1
脫脂稀釋發酵乳(鈣強化),蛋白質,1
脫脂稀釋發酵乳(鈣強化),碳水化合物,16.9
全脂濃稠發酵乳,脂肪,3.2
全脂濃稠發酵乳,蛋白質,4.1
全脂濃稠發酵乳,碳水化合物,11.3
脫脂濃稠發酵乳,脂肪,0.4
脫脂濃稠發酵乳,蛋白質,3
脫脂濃稠發酵乳,碳水化合物,12.1
脫脂濃稠發酵乳(低熱量),脂肪,0.1
脫脂濃稠發酵乳(低熱量),蛋白質,2
脫脂濃稠發酵乳(低熱量),碳水化合物,6.9
脫脂濃稠發酵乳(啤酒酵母),脂肪,0.1
脫脂濃稠發酵乳(啤酒酵母),蛋白質,2.1
脫脂濃稠發酵乳(啤酒酵母),碳水化合物,6.4
中脂濃稠發酵乳(無糖&纖維強化),脂肪,2.2
中脂濃稠發酵乳(無糖&纖維強化),蛋白質,3.2
中脂濃稠發酵乳(無糖&纖維強化),碳水化合物,10.4
中脂凝態發酵乳(蘆薈),脂肪,2.5
中脂凝態發酵乳(蘆薈),蛋白質,1.7
中脂凝態發酵乳(蘆薈),碳水化合物,15.1
脫脂保久稀釋發酵乳,脂肪,0.1
脫脂保久稀釋發酵乳,蛋白質,0.1
脫脂保久稀釋發酵乳,碳水化合物,11
中脂濃稠發酵乳(草莓),脂肪,2.7
中脂濃稠發酵乳(草莓),蛋白質,3.1
中脂濃稠發酵乳(草莓),碳水化合物,13
黃布丁,脂肪,3.5
黃布丁,蛋白質,2.3
黃布丁,碳水化合物,17.3
全脂鮮乳(9月取樣),脂肪,3.6
全脂鮮乳(9月取樣),蛋白質,2.8
全脂鮮乳(9月取樣),碳水化合物,5.3
部份脫脂強化奶粉(鈣強化),脂肪,11.8
部份脫脂強化奶粉(鈣強化),蛋白質,25
部份脫脂強化奶粉(鈣強化),碳水化合物,51
高脂強化鮮乳(鈣強化),脂肪,3.9
高脂強化鮮乳(鈣強化),蛋白質,3.2
高脂強化鮮乳(鈣強化),碳水化合物,5.2
脫脂強化鮮乳(寡醣強化),脂肪,0.4
脫脂強化鮮乳(寡醣強化),蛋白質,3.1
脫脂強化鮮乳(寡醣強化),碳水化合物,5.2
脫脂奶粉,脂肪,0.9
脫脂奶粉,蛋白質,36.2
脫脂奶粉,碳水化合物,51.2
全脂羊奶粉(即溶),脂肪,30.8
全脂羊奶粉(即溶),蛋白質,25.9
全脂羊奶粉(即溶),碳水化合物,35.1
中脂濃稠發酵乳,脂肪,2.3
中脂濃稠發酵乳,蛋白質,2.9
中脂濃稠發酵乳,碳水化合物,12.6
低脂強化鮮乳(寡醣強化),脂肪,1.3
低脂強化鮮乳(寡醣強化),蛋白質,3.1
低脂強化鮮乳(寡醣強化),碳水化合物,5.5
高脂保久乳,脂肪,5.1
高脂保久乳,蛋白質,3.1
高脂保久乳,碳水化合物,3.4
低脂強化保久乳(寡糖強化),脂肪,1
低脂強化保久乳(寡糖強化),蛋白質,3.2
低脂強化保久乳(寡糖強化),碳水化合物,6
脫脂凝態發酵乳(纖維強化),脂肪,0.5
脫脂凝態發酵乳(纖維強化),蛋白質,4.1
脫脂凝態發酵乳(纖維強化),碳水化合物,15.9
高脂凝態發酵乳(纖維強化),脂肪,3.8
高脂凝態發酵乳(纖維強化),蛋白質,3.2
高脂凝態發酵乳(纖維強化),碳水化合物,11.9
"脫脂強化奶粉(鈣&維生素C,E強化)",脂肪,0.7
"脫脂強化奶粉(鈣&維生素C,E強化)",蛋白質,32.8
"脫脂強化奶粉(鈣&維生素C,E強化)",碳水化合物,55.4
中脂調味保久乳(巧克力),脂肪,1.7
中脂調味保久乳(巧克力),蛋白質,1.9
中脂調味保久乳(巧克力),碳水化合物,9.3
中脂調味乳(巧克力),脂肪,2
中脂調味乳(巧克力),蛋白質,1.9
中脂調味乳(巧克力),碳水化合物,9.2
部份脫脂調味奶粉(巧克力),脂肪,6.9
部份脫脂調味奶粉(巧克力),蛋白質,14.1
部份脫脂調味奶粉(巧克力),碳水化合物,71.9
玉米油,脂肪,99.8
玉米油,蛋白質,0
玉米油,碳水化合物,0.1
大豆油,脂肪,100
大豆油,蛋白質,0
大豆油,碳水化合物,0
花生油,脂肪,99.9
花生油,蛋白質,0
花生油,碳水化合物,0
中鏈脂肪酸油,脂肪,99.9
中鏈脂肪酸油,蛋白質,0
中鏈脂肪酸油,碳水化合物,0
油茶油,脂肪,99.9
油茶油,蛋白質,0
油茶油,碳水化合物,0
高油酸豬油,脂肪,100
高油酸豬油,蛋白質,0
高油酸豬油,碳水化合物,0
調合植物油,脂肪,100.3
調合植物油,蛋白質,0
調合植物油,碳水化合物,0
葵花籽油,脂肪,100
葵花籽油,蛋白質,0
葵花籽油,碳水化合物,0
豬油,脂肪,99.7
豬油,蛋白質,0
豬油,碳水化合物,0
橄欖油,脂肪,100
橄欖油,蛋白質,0
橄欖油,碳水化合物,0
紅花籽油,脂肪,100
紅花籽油,蛋白質,0
紅花籽油,碳水化合物,0
米油(粳米),脂肪,99.9
米油(粳米),蛋白質,0
米油(粳米),碳水化合物,0
大豆油(多種維生素強化),脂肪,99.9
大豆油(多種維生素強化),蛋白質,0
大豆油(多種維生素強化),碳水化合物,0
高油酸棕櫚油,脂肪,99.9
高油酸棕櫚油,蛋白質,0
高油酸棕櫚油,碳水化合物,0
黑芝麻油,脂肪,99.7
黑芝麻油,蛋白質,0.1
黑芝麻油,碳水化合物,0.2
芥花油,脂肪,99.9
芥花油,蛋白質,0
芥花油,碳水化合物,0
椰子油,脂肪,99.9
椰子油,蛋白質,0
椰子油,碳水化合物,0
牛油(精煉),脂肪,99.1
牛油(精煉),蛋白質,0
牛油(精煉),碳水化合物,0.6
雞油,脂肪,99.8
雞油,蛋白質,0
雞油,碳水化合物,0
烤酥油,脂肪,99.9
烤酥油,蛋白質,0
烤酥油,碳水化合物,0
高油酸紅花籽油,脂肪,99.6
高油酸紅花籽油,蛋白質,0
高油酸紅花籽油,碳水化合物,0.4
高油酸葵花籽油,脂肪,99.9
高油酸葵花籽油,蛋白質,0
高油酸葵花籽油,碳水化合物,0
熟油茶油,脂肪,99.9
熟油茶油,蛋白質,0
熟油茶油,碳水化合物,0
"奶油(固態,加鹽)",脂肪,77.5
"奶油(固態,加鹽)",蛋白質,0.7
"奶油(固態,加鹽)",碳水化合物,3.7
中脂人造奶油,脂肪,76.2
中脂人造奶油,蛋白質,0
中脂人造奶油,碳水化合物,1.3
葡萄籽油,脂肪,100
葡萄籽油,蛋白質,0
葡萄籽油,碳水化合物,0
大豆油(卵磷脂強化),脂肪,99.6
大豆油(卵磷脂強化),蛋白質,0
大豆油(卵磷脂強化),碳水化合物,0
人造奶油(低熱量),脂肪,10.6
人造奶油(低熱量),蛋白質,2.5
人造奶油(低熱量),碳水化合物,29.6
南瓜籽油,脂肪,99.9
南瓜籽油,蛋白質,0
南瓜籽油,碳水化合物,0
核桃油,脂肪,99.9
核桃油,蛋白質,0
核桃油,碳水化合物,0
調合芝麻油,脂肪,100
調合芝麻油,蛋白質,0.1
調合芝麻油,碳水化合物,0
牛油(未精煉),脂肪,71.9
牛油(未精煉),蛋白質,0
牛油(未精煉),碳水化合物,4.2
葵花籽油(多種維生素強化),脂肪,99.9
葵花籽油(多種維生素強化),蛋白質,0
葵花籽油(多種維生素強化),碳水化合物,0
"奶油(固態,不加鹽)",脂肪,82.7
"奶油(固態,不加鹽)",蛋白質,0.6
"奶油(固態,不加鹽)",碳水化合物,0.9
奶油(液態),脂肪,39.1
奶油(液態),蛋白質,2
奶油(液態),碳水化合物,0
米油(秈米),脂肪,99.9
米油(秈米),蛋白質,0.1
米油(秈米),碳水化合物,0
調合花生油,脂肪,100
調合花生油,蛋白質,0
調合花生油,碳水化合物,0
油菜籽油,脂肪,99.9
油菜籽油,蛋白質,0
油菜籽油,碳水化合物,0
全脂鮮乳(6月取樣),脂肪,3.6
全脂鮮乳(6月取樣),蛋白質,3.2
全脂鮮乳(6月取樣),碳水化合物,4.6
乾酪粉,脂肪,34
乾酪粉,蛋白質,40.4
乾酪粉,碳水化合物,3.1
中脂調味保久羊乳(巧克力),脂肪,1.5
中脂調味保久羊乳(巧克力),蛋白質,1.1
中脂調味保久羊乳(巧克力),碳水化合物,10.3
亞麻仁油,脂肪,92.8
亞麻仁油,蛋白質,0.2
亞麻仁油,碳水化合物,6.9
白芝麻油,脂肪,100
白芝麻油,蛋白質,0.1
白芝麻油,碳水化合物,0
人造奶油(維生素強化),脂肪,82
人造奶油(維生素強化),蛋白質,0.1
人造奶油(維生素強化),碳水化合物,0
紅砂糖,脂肪,
紅砂糖,蛋白質,
紅砂糖,碳水化合物,99.4
黑砂糖,脂肪,0
黑砂糖,蛋白質,0.6
黑砂糖,碳水化合物,94.4
冰糖,脂肪,
冰糖,蛋白質,
冰糖,碳水化合物,99.9
果糖,脂肪,
果糖,蛋白質,
果糖,碳水化合物,76.9
麥芽糖,脂肪,
麥芽糖,蛋白質,
麥芽糖,碳水化合物,84.1
方糖,脂肪,
方糖,蛋白質,
方糖,碳水化合物,99.6
果寡糖,脂肪,
果寡糖,蛋白質,
果寡糖,碳水化合物,77.5
蜂蜜(春蜜),脂肪,0.2
蜂蜜(春蜜),蛋白質,0.2
蜂蜜(春蜜),碳水化合物,79.6
蜂蜜(冬蜜),脂肪,0.1
蜂蜜(冬蜜),蛋白質,0.1
蜂蜜(冬蜜),碳水化合物,81.5
楓糖,脂肪,0.1
楓糖,蛋白質,0.1
楓糖,碳水化合物,66.6
冬瓜糖磚,脂肪,
冬瓜糖磚,蛋白質,
冬瓜糖磚,碳水化合物,93.1
咖啡沖泡包(三合一),脂肪,9.5
咖啡沖泡包(三合一),蛋白質,4.8
咖啡沖泡包(三合一),碳水化合物,83
黑豆茶,脂肪,
黑豆茶,蛋白質,
黑豆茶,碳水化合物,3.2
奶茶沖泡包(三合一),脂肪,12.9
奶茶沖泡包(三合一),蛋白質,1.7
奶茶沖泡包(三合一),碳水化合物,82.3
紅茶沖泡包(檸檬),脂肪,
紅茶沖泡包(檸檬),蛋白質,
紅茶沖泡包(檸檬),碳水化合物,99.5
薑茶沖泡包,脂肪,0.3
薑茶沖泡包,蛋白質,0.3
薑茶沖泡包,碳水化合物,98.7
糯米漿,脂肪,0.8
糯米漿,蛋白質,0.8
糯米漿,碳水化合物,10.2
果汁醋飲料(綜合),脂肪,
果汁醋飲料(綜合),蛋白質,
果汁醋飲料(綜合),碳水化合物,9.3
即溶咖啡粉,脂肪,1.3
即溶咖啡粉,蛋白質,16.6
即溶咖啡粉,碳水化合物,71.2
龜苓茶,脂肪,0
龜苓茶,蛋白質,0
龜苓茶,碳水化合物,8.3
綠茶茶湯,脂肪,
綠茶茶湯,蛋白質,0.1
綠茶茶湯,碳水化合物,0
紅茶茶湯,脂肪,
紅茶茶湯,蛋白質,0.1
紅茶茶湯,碳水化合物,0
烏龍茶茶湯,脂肪,
烏龍茶茶湯,蛋白質,0
烏龍茶茶湯,碳水化合物,0
茉莉花茶湯,脂肪,
茉莉花茶湯,蛋白質,0.1
茉莉花茶湯,碳水化合物,0
沙士(低糖),脂肪,0
沙士(低糖),蛋白質,0
沙士(低糖),碳水化合物,10.9
可樂,脂肪,
可樂,蛋白質,
可樂,碳水化合物,12.8
可樂(低熱量),脂肪,
可樂(低熱量),蛋白質,
可樂(低熱量),碳水化合物,0.3
汽水(綜合口味),脂肪,
汽水(綜合口味),蛋白質,
汽水(綜合口味),碳水化合物,10.6
沙士,脂肪,
沙士,蛋白質,
沙士,碳水化合物,9.2
咖啡(三合一),脂肪,0.3
咖啡(三合一),蛋白質,0.9
咖啡(三合一),碳水化合物,8.2
紅茶(蘋果),脂肪,
紅茶(蘋果),蛋白質,0
紅茶(蘋果),碳水化合物,9.2
保久米漿,脂肪,1.5
保久米漿,蛋白質,1
保久米漿,碳水化合物,11.3
奶茶(三合一),脂肪,0.3
奶茶(三合一),蛋白質,0.5
奶茶(三合一),碳水化合物,9.5
茉莉花茶,脂肪,
茉莉花茶,蛋白質,0.1
茉莉花茶,碳水化合物,7.1
烏龍茶,脂肪,
烏龍茶,蛋白質,0.1
烏龍茶,碳水化合物,0.1
菊花茶,脂肪,
菊花茶,蛋白質,0
菊花茶,碳水化合物,7.4
冬瓜茶,脂肪,
冬瓜茶,蛋白質,0
冬瓜茶,碳水化合物,8.3
紅茶(大麥),脂肪,
紅茶(大麥),蛋白質,0
紅茶(大麥),碳水化合物,8.6
綠茶,脂肪,
綠茶,蛋白質,0
綠茶,碳水化合物,5.4
黑棗茶,脂肪,
黑棗茶,蛋白質,0
黑棗茶,碳水化合物,11.6
薑母茶,脂肪,
薑母茶,蛋白質,
薑母茶,碳水化合物,7
麥茶,脂肪,
麥茶,蛋白質,
麥茶,碳水化合物,4.4
維生素強化飲料(胡蘿蔔素),脂肪,
維生素強化飲料(胡蘿蔔素),蛋白質,0
維生素強化飲料(胡蘿蔔素),碳水化合物,9.8
運動飲料,脂肪,
運動飲料,蛋白質,0.1
運動飲料,碳水化合物,7
維生素強化飲料(綜合),脂肪,
維生素強化飲料(綜合),蛋白質,0.1
維生素強化飲料(綜合),碳水化合物,13.4
乳酸飲料,脂肪,0
乳酸飲料,蛋白質,0.2
乳酸飲料,碳水化合物,10.9
維生素強化飲料(維生素C),脂肪,
維生素強化飲料(維生素C),蛋白質,
維生素強化飲料(維生素C),碳水化合物,14.3
汽水(維生素強化),脂肪,
汽水(維生素強化),蛋白質,
汽水(維生素強化),碳水化合物,11.5
蘆薈露飲料,脂肪,
蘆薈露飲料,蛋白質,0
蘆薈露飲料,碳水化合物,10.9
米醋飲料,脂肪,
米醋飲料,蛋白質,
米醋飲料,碳水化合物,13
黑麥汁,脂肪,0
黑麥汁,蛋白質,0.3
黑麥汁,碳水化合物,12.6
"烏龍茶(去冰,全糖)",脂肪,0
"烏龍茶(去冰,全糖)",蛋白質,0.1
"烏龍茶(去冰,全糖)",碳水化合物,8.8
"烏龍茶(去冰,半糖)",脂肪,0
"烏龍茶(去冰,半糖)",蛋白質,0.1
"烏龍茶(去冰,半糖)",碳水化合物,5.2
"烏龍茶(去冰,微糖)",脂肪,0
"烏龍茶(去冰,微糖)",蛋白質,0.1
"烏龍茶(去冰,微糖)",碳水化合物,3.8
"烏龍奶茶(去冰,全糖)",脂肪,2.8
"烏龍奶茶(去冰,全糖)",蛋白質,0.2
"烏龍奶茶(去冰,全糖)",碳水化合物,12.3
"烏龍奶茶(去冰,半糖)",脂肪,2.6
"烏龍奶茶(去冰,半糖)",蛋白質,0.2
"烏龍奶茶(去冰,半糖)",碳水化合物,9.6
"烏龍奶茶(去冰,微糖)",脂肪,2.9
"烏龍奶茶(去冰,微糖)",蛋白質,0.2
"烏龍奶茶(去冰,微糖)",碳水化合物,8.1
"珍珠奶茶(去冰,全糖)",脂肪,2.4
"珍珠奶茶(去冰,全糖)",蛋白質,0.2
"珍珠奶茶(去冰,全糖)",碳水化合物,17.9
"珍珠奶茶(去冰,半糖)",脂肪,2.7
"珍珠奶茶(去冰,半糖)",蛋白質,0.2
"珍珠奶茶(去冰,半糖)",碳水化合物,14.5
"珍珠奶茶(去冰,微糖)",脂肪,2.3
"珍珠奶茶(去冰,微糖)",蛋白質,0.2
"珍珠奶茶(去冰,微糖)",碳水化合物,13.5
仙草蜜,脂肪,0
仙草蜜,蛋白質,0
仙草蜜,碳水化合物,8.8
雞精,脂肪,0
雞精,蛋白質,8.6
雞精,碳水化合物,0
可可粉,脂肪,22.8
可可粉,蛋白質,20.8
可可粉,碳水化合物,43.8
味精,脂肪,
味精,蛋白質,44.5
味精,碳水化合物,18.1
高鮮味精,脂肪,
高鮮味精,蛋白質,45
高鮮味精,碳水化合物,22.3
鮮雞精,脂肪,10.1
鮮雞精,蛋白質,10.8
鮮雞精,碳水化合物,33.3
鮮味露,脂肪,0.1
鮮味露,蛋白質,20.1
鮮味露,碳水化合物,0
八角,脂肪,3.9
八角,蛋白質,4.9
八角,碳水化合物,76.2
黑胡椒粉,脂肪,6.7
黑胡椒粉,蛋白質,11.6
黑胡椒粉,碳水化合物,67.7
白胡椒粉,脂肪,1.1
白胡椒粉,蛋白質,3.7
白胡椒粉,碳水化合物,78.8
五香粉,脂肪,8.9
五香粉,蛋白質,8.7
五香粉,碳水化合物,68.1
香油,脂肪,99.9
香油,蛋白質,
香油,碳水化合物,0
油蔥酥,脂肪,28.8
油蔥酥,蛋白質,7.4
油蔥酥,碳水化合物,57.1
醬油,脂肪,
醬油,蛋白質,7.8
醬油,碳水化合物,14.7
薄鹽醬油(低鈉),脂肪,
薄鹽醬油(低鈉),蛋白質,7.4
薄鹽醬油(低鈉),碳水化合物,11.9
醬油膏,脂肪,
醬油膏,蛋白質,6.8
醬油膏,碳水化合物,19
黑豆醬油,脂肪,0.2
黑豆醬油,蛋白質,7.5
黑豆醬油,碳水化合物,20.6
蠔油,脂肪,0.1
蠔油,蛋白質,6.5
蠔油,碳水化合物,32.2
糯米醋,脂肪,0
糯米醋,蛋白質,0.1
糯米醋,碳水化合物,4.1
烏醋,脂肪,0
烏醋,蛋白質,0.5
烏醋,碳水化合物,8.7
沙茶醬,脂肪,71.8
沙茶醬,蛋白質,10.2
沙茶醬,碳水化合物,10.4
素沙茶醬,脂肪,66
素沙茶醬,蛋白質,7.5
素沙茶醬,碳水化合物,11.4
豆瓣醬,脂肪,8.1
豆瓣醬,蛋白質,14.2
豆瓣醬,碳水化合物,12.2
辣豆瓣醬,脂肪,3.3
辣豆瓣醬,蛋白質,4.5
辣豆瓣醬,碳水化合物,13.1
辣椒醬,脂肪,2.9
辣椒醬,蛋白質,2.6
辣椒醬,碳水化合物,11.5
甜辣醬,脂肪,0
甜辣醬,蛋白質,1
甜辣醬,碳水化合物,28.1
甜麵醬,脂肪,2.4
甜麵醬,蛋白質,4.5
甜麵醬,碳水化合物,44
辣蒜蓉醬,脂肪,4.2
辣蒜蓉醬,蛋白質,2.3
辣蒜蓉醬,碳水化合物,7.8
蒜蓉醬,脂肪,20
蒜蓉醬,蛋白質,4.2
蒜蓉醬,碳水化合物,21.2
蕃茄醬,脂肪,0.1
蕃茄醬,蛋白質,1.6
蕃茄醬,碳水化合物,26.7
海鮮醬,脂肪,2.2
海鮮醬,蛋白質,1.8
海鮮醬,碳水化合物,50.3
烤肉醬,脂肪,0.8
烤肉醬,蛋白質,5.2
烤肉醬,碳水化合物,32.1
黃芥茉醬,脂肪,3.7
黃芥茉醬,蛋白質,4.1
黃芥茉醬,碳水化合物,6.2
沙拉醬,脂肪,65.7
沙拉醬,蛋白質,1.9
沙拉醬,碳水化合物,11.4
糖醋醬,脂肪,2.6
糖醋醬,蛋白質,1.9
糖醋醬,碳水化合物,25.1
牛排醬,脂肪,0
牛排醬,蛋白質,2.5
牛排醬,碳水化合物,30.1
蘑菇醬,脂肪,2.4
蘑菇醬,蛋白質,1.5
蘑菇醬,碳水化合物,7.7
蒜味豆豉醬,脂肪,17
蒜味豆豉醬,蛋白質,9.5
蒜味豆豉醬,碳水化合物,19.7
海苔醬,脂肪,0
海苔醬,蛋白質,6.4
海苔醬,碳水化合物,49.3
草莓果醬,脂肪,1.2
草莓果醬,蛋白質,0.4
草莓果醬,碳水化合物,65
米豆醬,脂肪,3
米豆醬,蛋白質,7.4
米豆醬,碳水化合物,17.9
蝦醬,脂肪,1.7
蝦醬,蛋白質,19.6
蝦醬,碳水化合物,1.3
肉燥,脂肪,38
肉燥,蛋白質,9.5
肉燥,碳水化合物,4.2
麻婆醬,脂肪,9.5
麻婆醬,蛋白質,2.9
麻婆醬,碳水化合物,23.1
洋蔥麵包醬,脂肪,26.1
洋蔥麵包醬,蛋白質,1
洋蔥麵包醬,碳水化合物,9.5
韭花醬,脂肪,0.3
韭花醬,蛋白質,2.1
韭花醬,碳水化合物,4.5
朝鮮醬,脂肪,2.3
朝鮮醬,蛋白質,1.6
朝鮮醬,碳水化合物,19.7
薑蓉醬,脂肪,2.6
薑蓉醬,蛋白質,1
薑蓉醬,碳水化合物,9.4
排骨醬,脂肪,4.4
排骨醬,蛋白質,2.3
排骨醬,碳水化合物,43.1
辣椒粉,脂肪,14.1
辣椒粉,蛋白質,14.7
辣椒粉,碳水化合物,59.1
沙茶粉,脂肪,28.8
沙茶粉,蛋白質,14.9
沙茶粉,碳水化合物,47
咖哩粉,脂肪,14.1
咖哩粉,蛋白質,13.9
咖哩粉,碳水化合物,58.5
山葵粉,脂肪,6.1
山葵粉,蛋白質,10.1
山葵粉,碳水化合物,72.9
花椒粉,脂肪,9.2
花椒粉,蛋白質,10
花椒粉,碳水化合物,63.2
甘草粉,脂肪,3.6
甘草粉,蛋白質,9.2
甘草粉,碳水化合物,73.4
椰子粉,脂肪,60.3
椰子粉,蛋白質,7.2
椰子粉,碳水化合物,27.8
蒜粉,脂肪,0.4
蒜粉,蛋白質,18.1
蒜粉,碳水化合物,71.9
低脂高湯,脂肪,0
低脂高湯,蛋白質,0.3
低脂高湯,碳水化合物,0.3
高湯塊(雞肉),脂肪,24.8
高湯塊(雞肉),蛋白質,14.7
高湯塊(雞肉),碳水化合物,14.5
高湯(豬大骨),脂肪,0.7
高湯(豬大骨),蛋白質,4.2
高湯(豬大骨),碳水化合物,6.6
低鈉鹽,脂肪,0
低鈉鹽,蛋白質,0
低鈉鹽,碳水化合物,2.8
米醋,脂肪,
米醋,蛋白質,
米醋,碳水化合物,2.4
壽司醋,脂肪,
壽司醋,蛋白質,
壽司醋,碳水化合物,45.2
香醋,脂肪,
香醋,蛋白質,
香醋,碳水化合物,0.7
薄鹽醬油(低鈉高鉀),脂肪,
薄鹽醬油(低鈉高鉀),蛋白質,6.5
薄鹽醬油(低鈉高鉀),碳水化合物,7.6
薄鹽黑豆醬油膏,脂肪,0.1
薄鹽黑豆醬油膏,蛋白質,7.6
薄鹽黑豆醬油膏,碳水化合物,23.3
素食烏醋,脂肪,
素食烏醋,蛋白質,
素食烏醋,碳水化合物,10.4
高梁醋,脂肪,
高梁醋,蛋白質,
高梁醋,碳水化合物,6.8
薏仁醬油,脂肪,
薏仁醬油,蛋白質,9.3
薏仁醬油,碳水化合物,11.5
薏仁醋,脂肪,
薏仁醋,蛋白質,
薏仁醋,碳水化合物,3.3
素食高湯,脂肪,0
素食高湯,蛋白質,0.3
素食高湯,碳水化合物,4
無蛋沙拉醬,脂肪,44
無蛋沙拉醬,蛋白質,1.8
無蛋沙拉醬,碳水化合物,19
素肉燥,脂肪,42.6
素肉燥,蛋白質,12.4
素肉燥,碳水化合物,12.5
黃耆片,脂肪,1.6
黃耆片,蛋白質,14.9
黃耆片,碳水化合物,68.7
黃耆水,脂肪,0
黃耆水,蛋白質,0.9
黃耆水,碳水化合物,2.9
金桔醬,脂肪,0.4
金桔醬,蛋白質,0.5
金桔醬,碳水化合物,19.5
紅麴醬,脂肪,0.5
紅麴醬,蛋白質,4.6
紅麴醬,碳水化合物,35
炸醬,脂肪,34.7
炸醬,蛋白質,14.6
炸醬,碳水化合物,6.7
素食炸醬,脂肪,35.3
素食炸醬,蛋白質,13.9
素食炸醬,碳水化合物,4.5
蔥醬,脂肪,6.8
蔥醬,蛋白質,2.2
蔥醬,碳水化合物,19.5
黑豆油膏,脂肪,0.1
黑豆油膏,蛋白質,7.8
黑豆油膏,碳水化合物,28.6
豆酥,脂肪,38.1
豆酥,蛋白質,30.1
豆酥,碳水化合物,19.2
豆酥醬,脂肪,64.5
豆酥醬,蛋白質,12.2
豆酥醬,碳水化合物,10.4
咖哩塊,脂肪,34.5
咖哩塊,蛋白質,5.6
咖哩塊,碳水化合物,45.4
味醂,脂肪,0
味醂,蛋白質,0.5
味醂,碳水化合物,54.5
紅醋,脂肪,0
紅醋,蛋白質,0.3
紅醋,碳水化合物,0.8
山葵醬,脂肪,5.9
山葵醬,蛋白質,1.1
山葵醬,碳水化合物,70.2
肉桂粉,脂肪,2.9
肉桂粉,蛋白質,4.2
肉桂粉,碳水化合物,78.8
荳蔻粉,脂肪,26.2
荳蔻粉,蛋白質,6.7
荳蔻粉,碳水化合物,50.6
高湯塊(排骨),脂肪,23.9
高湯塊(排骨),蛋白質,12.5
高湯塊(排骨),碳水化合物,24.5
白芝麻麵包醬,脂肪,60.4
白芝麻麵包醬,蛋白質,20
白芝麻麵包醬,碳水化合物,15.3
黑芝麻麵包醬,脂肪,57.4
黑芝麻麵包醬,蛋白質,10.6
黑芝麻麵包醬,碳水化合物,27
巧克力醬(液體),脂肪,0.8
巧克力醬(液體),蛋白質,2
巧克力醬(液體),碳水化合物,65.4
千島沙拉醬,脂肪,49.3
千島沙拉醬,蛋白質,1
千島沙拉醬,碳水化合物,16.7
味噌,脂肪,4.5
味噌,蛋白質,10.6
味噌,碳水化合物,33.1
岩鹽,脂肪,0.1
岩鹽,蛋白質,0
岩鹽,碳水化合物,0.4
蒜頭酥,脂肪,17.8
蒜頭酥,蛋白質,11.7
蒜頭酥,碳水化合物,61.2
紅辣椒油,脂肪,99.8
紅辣椒油,蛋白質,0
紅辣椒油,碳水化合物,0.1
梅子粉,脂肪,3.9
梅子粉,蛋白質,2
梅子粉,碳水化合物,60.8
薑粉,脂肪,3.6
薑粉,蛋白質,10.4
薑粉,碳水化合物,70.5
小茴香粉,脂肪,25.8
小茴香粉,蛋白質,19.5
小茴香粉,碳水化合物,37
迷迭香粉,脂肪,21.9
迷迭香粉,蛋白質,5.9
迷迭香粉,碳水化合物,59.8
七味唐辛子,脂肪,24.1
七味唐辛子,蛋白質,15.8
七味唐辛子,碳水化合物,45.8
白饅頭,脂肪,1.2
白饅頭,蛋白質,8.1
白饅頭,碳水化合物,51.3
菠蘿麵包,脂肪,17.2
菠蘿麵包,蛋白質,9.2
菠蘿麵包,碳水化合物,49.3
奶酥麵包,脂肪,15.2
奶酥麵包,蛋白質,9.1
奶酥麵包,碳水化合物,50.3
冷凍叉燒包,脂肪,4.3
冷凍叉燒包,蛋白質,8.8
冷凍叉燒包,碳水化合物,47.5
冷凍豆沙包,脂肪,0.3
冷凍豆沙包,蛋白質,7.4
冷凍豆沙包,碳水化合物,52.6
冷凍芋泥包,脂肪,3.3
冷凍芋泥包,蛋白質,6.6
冷凍芋泥包,碳水化合物,51.3
冷凍芝麻包,脂肪,14
冷凍芝麻包,蛋白質,7.2
冷凍芝麻包,碳水化合物,49.4
冷凍素菜包子,脂肪,2.4
冷凍素菜包子,蛋白質,8.6
冷凍素菜包子,碳水化合物,42.8
冷凍蓮蓉包,脂肪,5.5
冷凍蓮蓉包,蛋白質,7.9
冷凍蓮蓉包,碳水化合物,52.8
冷凍豬肉包子,脂肪,10.3
冷凍豬肉包子,蛋白質,7.6
冷凍豬肉包子,碳水化合物,37.2
冷凍豬肉湯包,脂肪,18.2
冷凍豬肉湯包,蛋白質,10.1
冷凍豬肉湯包,碳水化合物,12.4
冷藏廣式蘿蔔糕,脂肪,2.3
冷藏廣式蘿蔔糕,蛋白質,2.2
冷藏廣式蘿蔔糕,碳水化合物,20.4
冷藏廣式芋頭粿,脂肪,1.6
冷藏廣式芋頭粿,蛋白質,2.1
冷藏廣式芋頭粿,碳水化合物,21.5
冷凍燒賣,脂肪,9.7
冷凍燒賣,蛋白質,9.9
冷凍燒賣,碳水化合物,15.3
小籠包,脂肪,15.5
小籠包,蛋白質,9.6
小籠包,碳水化合物,15.9
牛舌餅,脂肪,13.2
牛舌餅,蛋白質,5.7
牛舌餅,碳水化合物,67.4
月餅(棗泥),脂肪,18.2
月餅(棗泥),蛋白質,6
月餅(棗泥),碳水化合物,57.9
米漿(散裝),脂肪,0.5
米漿(散裝),蛋白質,0.6
米漿(散裝),碳水化合物,13.7
肉圓,脂肪,1.5
肉圓,蛋白質,3.1
肉圓,碳水化合物,27.4
肉粽,脂肪,8.8
肉粽,蛋白質,8.2
肉粽,碳水化合物,30.7
韭菜盒子,脂肪,11.3
韭菜盒子,蛋白質,7.5
韭菜盒子,碳水化合物,20.3
天婦羅,脂肪,4.6
天婦羅,蛋白質,12.4
天婦羅,碳水化合物,21.1
鹹麻糬,脂肪,4.5
鹹麻糬,蛋白質,8.7
鹹麻糬,碳水化合物,43.2
蚵仔煎,脂肪,11
蚵仔煎,蛋白質,4.9
蚵仔煎,碳水化合物,19.1
沖泡濃湯(海鮮),脂肪,4.5
沖泡濃湯(海鮮),蛋白質,11.2
沖泡濃湯(海鮮),碳水化合物,64.4
筒仔米糕,脂肪,8.6
筒仔米糕,蛋白質,6.6
筒仔米糕,碳水化合物,35.5
綠豆凸,脂肪,15.9
綠豆凸,蛋白質,6.9
綠豆凸,碳水化合物,55.8
鳳眼糕,脂肪,0.8
鳳眼糕,蛋白質,3.8
鳳眼糕,碳水化合物,89
太陽餅,脂肪,20.5
太陽餅,蛋白質,5.3
太陽餅,碳水化合物,63.6
米粩,脂肪,13.7
米粩,蛋白質,2.6
米粩,碳水化合物,76.9
擔仔麵,脂肪,6.5
擔仔麵,蛋白質,4.4
擔仔麵,碳水化合物,11.9
香筍鮪魚罐頭,脂肪,24.1
香筍鮪魚罐頭,蛋白質,10
香筍鮪魚罐頭,碳水化合物,0.9
豬肉鍋貼,脂肪,9.8
豬肉鍋貼,蛋白質,7.8
豬肉鍋貼,碳水化合物,27.7
牛肉餡餅,脂肪,10.2
牛肉餡餅,蛋白質,9.6
牛肉餡餅,碳水化合物,23.5
麥片沖泡包(三合一),脂肪,7.5
麥片沖泡包(三合一),蛋白質,11
麥片沖泡包(三合一),碳水化合物,74.3
蛋黃酥,脂肪,26.4
蛋黃酥,蛋白質,11.4
蛋黃酥,碳水化合物,44.5
蘿蔔酥,脂肪,20.9
蘿蔔酥,蛋白質,7.5
蘿蔔酥,碳水化合物,52.3
豬腳凍,脂肪,7.8
豬腳凍,蛋白質,16.6
豬腳凍,碳水化合物,2
方塊酥,脂肪,24.1
方塊酥,蛋白質,7.1
方塊酥,碳水化合物,66.1
羊羹,脂肪,0.8
羊羹,蛋白質,3
羊羹,碳水化合物,67.5
炒板條,脂肪,4.2
炒板條,蛋白質,4.2
炒板條,碳水化合物,23.7
芋仔餅,脂肪,12.1
芋仔餅,蛋白質,4.6
芋仔餅,碳水化合物,56.6
蕃薯餅,脂肪,10.6
蕃薯餅,蛋白質,3.9
蕃薯餅,碳水化合物,54.9
棺材板,脂肪,17.5
棺材板,蛋白質,7
棺材板,碳水化合物,19.7
清蒸蝦仁肉圓,脂肪,7.4
清蒸蝦仁肉圓,蛋白質,4.6
清蒸蝦仁肉圓,碳水化合物,16.7
冷藏寧波年糕,脂肪,0.6
冷藏寧波年糕,蛋白質,3.9
冷藏寧波年糕,碳水化合物,49.7
油豆腐粉絲(阿給),脂肪,6.2
油豆腐粉絲(阿給),蛋白質,6.9
油豆腐粉絲(阿給),碳水化合物,15.7
大餅包小餅(紅豆),脂肪,16.5
大餅包小餅(紅豆),蛋白質,8.3
大餅包小餅(紅豆),碳水化合物,48.5
魚酥,脂肪,40.8
魚酥,蛋白質,8.3
魚酥,碳水化合物,46.1
燒餅,脂肪,9.1
燒餅,蛋白質,9.1
燒餅,碳水化合物,51.1
油條,脂肪,42.5
油條,蛋白質,10.1
油條,碳水化合物,35
溫州餛飩,脂肪,7.4
溫州餛飩,蛋白質,6.5
溫州餛飩,碳水化合物,12.4
廣東粥,脂肪,4.2
廣東粥,蛋白質,4.9
廣東粥,碳水化合物,7.7
鳳梨酥,脂肪,24.4
鳳梨酥,蛋白質,4.2
鳳梨酥,碳水化合物,62
糯米飯糰,脂肪,17.6
糯米飯糰,蛋白質,5.9
糯米飯糰,碳水化合物,38.3
蛋捲(芝麻),脂肪,33.3
蛋捲(芝麻),蛋白質,6.8
蛋捲(芝麻),碳水化合物,55.5
洋芋片,脂肪,38.6
洋芋片,蛋白質,5.2
洋芋片,碳水化合物,51.5
泡芙(巧克力),脂肪,40.4
泡芙(巧克力),蛋白質,10.3
泡芙(巧克力),碳水化合物,46.2
泡麵(牛肉口味),脂肪,24.9
泡麵(牛肉口味),蛋白質,9.6
泡麵(牛肉口味),碳水化合物,53.2
泡麵(鮮蝦口味),脂肪,25.8
泡麵(鮮蝦口味),蛋白質,9.6
泡麵(鮮蝦口味),碳水化合物,53.5
夾心餅乾(草莓),脂肪,23.8
夾心餅乾(草莓),蛋白質,4.8
夾心餅乾(草莓),碳水化合物,66.4
花瓜罐頭,脂肪,0.1
花瓜罐頭,蛋白質,2.9
花瓜罐頭,碳水化合物,18.9
花生麵筋罐頭,脂肪,14.1
花生麵筋罐頭,蛋白質,11
花生麵筋罐頭,碳水化合物,12.5
香菇麵筋罐頭,脂肪,10
香菇麵筋罐頭,蛋白質,10.7
香菇麵筋罐頭,碳水化合物,14.9
冷凍火腿炒飯,脂肪,5.6
冷凍火腿炒飯,蛋白質,5
冷凍火腿炒飯,碳水化合物,29.7
冷凍冬菜蝦仁餛飩,脂肪,4.3
冷凍冬菜蝦仁餛飩,蛋白質,9.1
冷凍冬菜蝦仁餛飩,碳水化合物,26.5
冷凍芝麻湯圓,脂肪,14.8
冷凍芝麻湯圓,蛋白質,4.8
冷凍芝麻湯圓,碳水化合物,48.2
冷凍花生湯圓,脂肪,14.6
冷凍花生湯圓,蛋白質,5.2
冷凍花生湯圓,碳水化合物,48.1
冷凍咕咾肉,脂肪,9.5
冷凍咕咾肉,蛋白質,6.4
冷凍咕咾肉,碳水化合物,18.3
冷凍虱目魚丸,脂肪,11.9
冷凍虱目魚丸,蛋白質,13.7
冷凍虱目魚丸,碳水化合物,11
冷凍珍珠丸,脂肪,10.8
冷凍珍珠丸,蛋白質,9.5
冷凍珍珠丸,碳水化合物,21.7
冷凍蝦餅,脂肪,2.1
冷凍蝦餅,蛋白質,9.6
冷凍蝦餅,碳水化合物,17.3
冷凍素食水餃,脂肪,4
冷凍素食水餃,蛋白質,8.7
冷凍素食水餃,碳水化合物,25.9
冷凍旗魚丸,脂肪,6.7
冷凍旗魚丸,蛋白質,12.8
冷凍旗魚丸,碳水化合物,12
冷凍魚捲,脂肪,0.3
冷凍魚捲,蛋白質,13.8
冷凍魚捲,碳水化合物,17.1
冷凍菜肉餛飩,脂肪,18.3
冷凍菜肉餛飩,蛋白質,9.1
冷凍菜肉餛飩,碳水化合物,11.3
冷凍蔥油餅,脂肪,1.1
冷凍蔥油餅,蛋白質,9.1
冷凍蔥油餅,碳水化合物,50.5
冷凍豬肉韭菜水餃,脂肪,11.4
冷凍豬肉韭菜水餃,蛋白質,8.4
冷凍豬肉韭菜水餃,碳水化合物,23.1
冷凍蝦丸,脂肪,2.3
冷凍蝦丸,蛋白質,10.8
冷凍蝦丸,碳水化合物,14.7
冷凍魷魚圈,脂肪,0.4
冷凍魷魚圈,蛋白質,15.7
冷凍魷魚圈,碳水化合物,19.2
冷凍蝦仁炒飯,脂肪,1.7
冷凍蝦仁炒飯,蛋白質,4.7
冷凍蝦仁炒飯,碳水化合物,26.3
冷凍豬肉水餃,脂肪,9.7
冷凍豬肉水餃,蛋白質,8.1
冷凍豬肉水餃,碳水化合物,22.1
冷凍燕餃,脂肪,22.3
冷凍燕餃,蛋白質,12.8
冷凍燕餃,碳水化合物,15.7
冷凍豬肉餛飩,脂肪,10.1
冷凍豬肉餛飩,蛋白質,11.1
冷凍豬肉餛飩,碳水化合物,23
冷凍豬肉湯圓,脂肪,12.8
冷凍豬肉湯圓,蛋白質,6.5
冷凍豬肉湯圓,碳水化合物,35.9
冷凍鮪排,脂肪,0.9
冷凍鮪排,蛋白質,13.4
冷凍鮪排,碳水化合物,20.4
冷凍蟹味棒,脂肪,0.3
冷凍蟹味棒,蛋白質,9.3
冷凍蟹味棒,碳水化合物,19
冷凍雞塊,脂肪,13.2
冷凍雞塊,蛋白質,15.3
冷凍雞塊,碳水化合物,12.3
冷凍鱈魚丸,脂肪,0
冷凍鱈魚丸,蛋白質,8.5
冷凍鱈魚丸,碳水化合物,13.1
冷凍蝦餃,脂肪,19.3
冷凍蝦餃,蛋白質,11.4
冷凍蝦餃,碳水化合物,13.5
冷凍魚餃,脂肪,19.5
冷凍魚餃,蛋白質,12.5
冷凍魚餃,碳水化合物,12.9
冷凍貢丸,脂肪,19
冷凍貢丸,蛋白質,16.6
冷凍貢丸,碳水化合物,0
冷凍花枝羹,脂肪,4.7
冷凍花枝羹,蛋白質,11.4
冷凍花枝羹,碳水化合物,9.4
冷凍魚卵卷,脂肪,0.1
冷凍魚卵卷,蛋白質,12.9
冷凍魚卵卷,碳水化合物,15.7
冷凍牛肉水餃,脂肪,10.7
冷凍牛肉水餃,蛋白質,8.9
冷凍牛肉水餃,碳水化合物,22.1
冷凍香菇餃,脂肪,15.3
冷凍香菇餃,蛋白質,12.3
冷凍香菇餃,碳水化合物,11.5
冷凍雪螺餃,脂肪,10
冷凍雪螺餃,蛋白質,11.6
冷凍雪螺餃,碳水化合物,16.7
冷凍可樂餅(奶汁),脂肪,2.3
冷凍可樂餅(奶汁),蛋白質,3.6
冷凍可樂餅(奶汁),碳水化合物,19.8
冷凍蛋餃,脂肪,14.1
冷凍蛋餃,蛋白質,12.1
冷凍蛋餃,碳水化合物,2
冷凍花枝塊,脂肪,7.5
冷凍花枝塊,蛋白質,11.3
冷凍花枝塊,碳水化合物,17
冷凍小香腸,脂肪,17.8
冷凍小香腸,蛋白質,14.8
冷凍小香腸,碳水化合物,7.4
冷凍披薩(黑胡椒火腿),脂肪,6.8
冷凍披薩(黑胡椒火腿),蛋白質,9.3
冷凍披薩(黑胡椒火腿),碳水化合物,27.7
冷凍豬肉蟹黃水餃,脂肪,9.8
冷凍豬肉蟹黃水餃,蛋白質,7.8
冷凍豬肉蟹黃水餃,碳水化合物,26
冷凍銀絲卷(奶黃),脂肪,3.3
冷凍銀絲卷(奶黃),蛋白質,8.9
冷凍銀絲卷(奶黃),碳水化合物,54.5
冷凍豬肉熟水餃,脂肪,12.8
冷凍豬肉熟水餃,蛋白質,7.2
冷凍豬肉熟水餃,碳水化合物,26.2
冷凍素食熟水餃,脂肪,5.5
冷凍素食熟水餃,蛋白質,7.2
冷凍素食熟水餃,碳水化合物,32.8
冷凍花枝餃,脂肪,3.9
冷凍花枝餃,蛋白質,12.4
冷凍花枝餃,碳水化合物,21
冷凍筒仔米糕,脂肪,5.8
冷凍筒仔米糕,蛋白質,6.5
冷凍筒仔米糕,碳水化合物,33.6
冷凍旗魚塊,脂肪,6.5
冷凍旗魚塊,蛋白質,15.3
冷凍旗魚塊,碳水化合物,14.7
冷凍花枝丸,脂肪,7
冷凍花枝丸,蛋白質,12.7
冷凍花枝丸,碳水化合物,13
冷凍馬拉糕,脂肪,12.9
冷凍馬拉糕,蛋白質,7
冷凍馬拉糕,碳水化合物,44
冷凍素雞塊,脂肪,8.1
冷凍素雞塊,蛋白質,14.2
冷凍素雞塊,碳水化合物,19
花生糖,脂肪,35.3
花生糖,蛋白質,17.9
花生糖,碳水化合物,43.3
花生貢糖,脂肪,26.3
花生貢糖,蛋白質,13.5
花生貢糖,碳水化合物,55
黑芝麻糖,脂肪,30.4
黑芝麻糖,蛋白質,8.5
黑芝麻糖,碳水化合物,57
白芝麻糖,脂肪,26.2
白芝麻糖,蛋白質,8.4
白芝麻糖,碳水化合物,62.9
牛奶軟糖,脂肪,11.7
牛奶軟糖,蛋白質,2.9
牛奶軟糖,碳水化合物,77.5
巧克力牛奶軟糖,脂肪,11.3
巧克力牛奶軟糖,蛋白質,3.4
巧克力牛奶軟糖,碳水化合物,76.7
水果QQ軟糖,脂肪,0.1
水果QQ軟糖,蛋白質,6.8
水果QQ軟糖,碳水化合物,78.4
水果軟糖,脂肪,7.5
水果軟糖,蛋白質,1.3
水果軟糖,碳水化合物,83.5
巧克力夾心糖,脂肪,2.8
巧克力夾心糖,蛋白質,0.7
巧克力夾心糖,碳水化合物,93.7
太妃糖,脂肪,13.9
太妃糖,蛋白質,2.7
太妃糖,碳水化合物,75.6
苦茶糖,脂肪,0.2
苦茶糖,蛋白質,0.1
苦茶糖,碳水化合物,98.5
薑糖,脂肪,2.5
薑糖,蛋白質,0.3
薑糖,碳水化合物,84
紅豆球,脂肪,1
紅豆球,蛋白質,7.1
紅豆球,碳水化合物,78.4
綠豆球,脂肪,1.1
綠豆球,蛋白質,6.2
綠豆球,碳水化合物,77.9
果凍,脂肪,
果凍,蛋白質,
果凍,碳水化合物,22.5
棉花糖,脂肪,0.3
棉花糖,蛋白質,3.2
棉花糖,碳水化合物,78.9
維生素C口含錠(檸檬),脂肪,0.6
維生素C口含錠(檸檬),蛋白質,0.2
維生素C口含錠(檸檬),碳水化合物,98.3
牛奶巧克力,脂肪,33.3
牛奶巧克力,蛋白質,9.4
牛奶巧克力,碳水化合物,53.2
代可可脂白巧克力,脂肪,35.9
代可可脂白巧克力,蛋白質,8.6
代可可脂白巧克力,碳水化合物,52.6
糖衣牛奶巧克力,脂肪,19.4
糖衣牛奶巧克力,蛋白質,4.8
糖衣牛奶巧克力,碳水化合物,72.8
花生牛奶巧克力,脂肪,23.1
花生牛奶巧克力,蛋白質,13
花生牛奶巧克力,碳水化合物,57
榛果牛奶巧克力,脂肪,40.4
榛果牛奶巧克力,蛋白質,9
榛果牛奶巧克力,碳水化合物,47.5
酵母菌咀嚼錠,脂肪,5.6
酵母菌咀嚼錠,蛋白質,23.6
酵母菌咀嚼錠,碳水化合物,61.4
土司,脂肪,6.3
土司,蛋白質,9.5
土司,碳水化合物,48.6
枇杷糖,脂肪,0.1
枇杷糖,蛋白質,0.2
枇杷糖,碳水化合物,98
蓮藕糖,脂肪,0.4
蓮藕糖,蛋白質,0.2
蓮藕糖,碳水化合物,97.8
乳酸球,脂肪,21.6
乳酸球,蛋白質,3.8
乳酸球,碳水化合物,66.1
冷凍春捲,脂肪,13.9
冷凍春捲,蛋白質,5.1
冷凍春捲,碳水化合物,31.5
冷凍干貝酥,脂肪,0.2
冷凍干貝酥,蛋白質,8.3
冷凍干貝酥,碳水化合物,27.7
冷凍蚵捲,脂肪,12
冷凍蚵捲,蛋白質,6.9
冷凍蚵捲,碳水化合物,12.5
冷凍水晶包,脂肪,7.8
冷凍水晶包,蛋白質,4.8
冷凍水晶包,碳水化合物,30.4
冷凍雞肉丸,脂肪,12.3
冷凍雞肉丸,蛋白質,10.5
冷凍雞肉丸,碳水化合物,12.3
冷凍馬蹄條,脂肪,1.9
冷凍馬蹄條,蛋白質,4.2
冷凍馬蹄條,碳水化合物,40.1
冷凍白饅頭,脂肪,2.4
冷凍白饅頭,蛋白質,7.4
冷凍白饅頭,碳水化合物,57
冷凍牛肉包子,脂肪,4.6
冷凍牛肉包子,蛋白質,10.8
冷凍牛肉包子,碳水化合物,46.1
冷凍叉燒包子,脂肪,8.4
冷凍叉燒包子,蛋白質,7.1
冷凍叉燒包子,碳水化合物,43.6
冷凍洋蔥圈,脂肪,10.9
冷凍洋蔥圈,蛋白質,4
冷凍洋蔥圈,碳水化合物,41.5
冷凍香菇雞肉水餃,脂肪,10.2
冷凍香菇雞肉水餃,蛋白質,9.5
冷凍香菇雞肉水餃,碳水化合物,22.7
冷凍鮪魚水餃,脂肪,8.5
冷凍鮪魚水餃,蛋白質,9
冷凍鮪魚水餃,碳水化合物,20.8
冷藏堅果饅頭,脂肪,8.8
冷藏堅果饅頭,蛋白質,9.6
冷藏堅果饅頭,碳水化合物,47.3
冷凍酸菜焢肉包子,脂肪,13.1
冷凍酸菜焢肉包子,蛋白質,8.6
冷凍酸菜焢肉包子,碳水化合物,37.2
蛋黃芋頭酥,脂肪,3
蛋黃芋頭酥,蛋白質,3.1
蛋黃芋頭酥,碳水化合物,44.2
冷凍文蛤丸,脂肪,9.2
冷凍文蛤丸,蛋白質,16.2
冷凍文蛤丸,碳水化合物,15.8
牛軋糖,脂肪,21.7
牛軋糖,蛋白質,9.7
牛軋糖,碳水化合物,60.8
核棗糕,脂肪,14.6
核棗糕,蛋白質,2.5
核棗糕,碳水化合物,71.1
蜂蜜蛋糕(原味),脂肪,17.8
蜂蜜蛋糕(原味),蛋白質,6.5
蜂蜜蛋糕(原味),碳水化合物,44.1
蜂蜜蛋糕(巧克力),脂肪,16.1
蜂蜜蛋糕(巧克力),蛋白質,6.9
蜂蜜蛋糕(巧克力),碳水化合物,42.6
蜂蜜蛋糕(起司),脂肪,15.8
蜂蜜蛋糕(起司),蛋白質,7.4
蜂蜜蛋糕(起司),碳水化合物,42.2
乳酪蛋糕(圓形),脂肪,18.6
乳酪蛋糕(圓形),蛋白質,7
乳酪蛋糕(圓形),碳水化合物,21.7
冷藏甜年糕,脂肪,0.4
冷藏甜年糕,蛋白質,2.3
冷藏甜年糕,碳水化合物,57.2
土司(含全穀粉),脂肪,6.1
土司(含全穀粉),蛋白質,10
土司(含全穀粉),碳水化合物,49.2
柳橙汁(非原汁),脂肪,0.1
柳橙汁(非原汁),蛋白質,0.1
柳橙汁(非原汁),碳水化合物,12.3
葡萄柚汁(非原汁),脂肪,0.2
葡萄柚汁(非原汁),蛋白質,0.2
葡萄柚汁(非原汁),碳水化合物,9.7
蘋果汁(非原汁),脂肪,0.4
蘋果汁(非原汁),蛋白質,0.1
蘋果汁(非原汁),碳水化合物,10.9
豬血糕,脂肪,0.9
豬血糕,蛋白質,8.6
豬血糕,碳水化合物,37.8
鴨血糕,脂肪,1.1
鴨血糕,蛋白質,6.7
鴨血糕,碳水化合物,39.1
甜酒釀,脂肪,0.4
甜酒釀,蛋白質,5
甜酒釀,碳水化合物,34.8
糙米漿,脂肪,2.2
糙米漿,蛋白質,1.3
糙米漿,碳水化合物,11.6
糙秈米漿,脂肪,2.1
糙秈米漿,蛋白質,0.9
糙秈米漿,碳水化合物,11.4
燕麥奶,脂肪,0.8
燕麥奶,蛋白質,1
燕麥奶,碳水化合物,8.1
黑糖蜜,脂肪,0
黑糖蜜,蛋白質,0.2
黑糖蜜,碳水化合物,72.4
義式乳酪醬,脂肪,17
義式乳酪醬,蛋白質,8.8
義式乳酪醬,碳水化合物,6.9
法式香蒜醬,脂肪,85.7
法式香蒜醬,蛋白質,1.1
法式香蒜醬,碳水化合物,3.8
法式奶酥醬,脂肪,46.5
法式奶酥醬,蛋白質,6.7
法式奶酥醬,碳水化合物,37.6
紅胡椒粒,脂肪,13.7
紅胡椒粒,蛋白質,5.9
紅胡椒粒,碳水化合物,59.3
綠胡椒粒,脂肪,7.3
綠胡椒粒,蛋白質,11.3
綠胡椒粒,碳水化合物,68.4
白醬,脂肪,3.2
白醬,蛋白質,1.2
白醬,碳水化合物,6.8
青醬,脂肪,5.4
青醬,蛋白質,0.9
青醬,碳水化合物,7.7
羊肉爐醬,脂肪,7.2
羊肉爐醬,蛋白質,7.3
羊肉爐醬,碳水化合物,8.9
五味醬,脂肪,0.8
五味醬,蛋白質,1.3
五味醬,碳水化合物,31.9
日式照燒醬,脂肪,0.5
日式照燒醬,蛋白質,3
日式照燒醬,碳水化合物,52.6
淡色醬油,脂肪,0.4
淡色醬油,蛋白質,7.1
淡色醬油,碳水化合物,11.5
羅勒片,脂肪,5.8
羅勒片,蛋白質,23.3
羅勒片,碳水化合物,46.1
洋香菜片,脂肪,7.5
洋香菜片,蛋白質,24.4
洋香菜片,碳水化合物,47.7
糖粉,脂肪,0.2
糖粉,蛋白質,0
糖粉,碳水化合物,99.3
蝦油,脂肪,0.1
蝦油,蛋白質,7.4
蝦油,碳水化合物,6.4
炸排粉,脂肪,1.8
炸排粉,蛋白質,11.9
炸排粉,碳水化合物,70
炸雞粉,脂肪,1.7
炸雞粉,蛋白質,8.3
炸雞粉,碳水化合物,71
蒸肉粉(五香),脂肪,1.1
蒸肉粉(五香),蛋白質,10.3
蒸肉粉(五香),碳水化合物,74.8
熱狗粉,脂肪,0.9
熱狗粉,蛋白質,8.3
熱狗粉,碳水化合物,78.4
葡萄果醬,脂肪,1.9
葡萄果醬,蛋白質,0
葡萄果醬,碳水化合物,60.9
豆花(花生),脂肪,0.7
豆花(花生),蛋白質,2
豆花(花生),碳水化合物,11.1
麻油辣腐乳,脂肪,3.5
麻油辣腐乳,蛋白質,9
麻油辣腐乳,碳水化合物,7
豆棗,脂肪,19.6
豆棗,蛋白質,11.7
豆棗,碳水化合物,49.7
酵母粉,脂肪,0
酵母粉,蛋白質,46.3
酵母粉,碳水化合物,40.4
布丁粉,脂肪,6
布丁粉,蛋白質,2.7
布丁粉,碳水化合物,87.1
芭樂汁(非原汁),脂肪,0.1
芭樂汁(非原汁),蛋白質,0.1
芭樂汁(非原汁),碳水化合物,11
楊桃汁(非原汁),脂肪,0.1
楊桃汁(非原汁),蛋白質,0
楊桃汁(非原汁),碳水化合物,12
蕃茄汁(非原汁),脂肪,0.2
蕃茄汁(非原汁),蛋白質,0.7
蕃茄汁(非原汁),碳水化合物,4.4
鳳梨汁(非原汁),脂肪,0.2
鳳梨汁(非原汁),蛋白質,0.3
鳳梨汁(非原汁),碳水化合物,11.3
黑糯米漿,脂肪,0.2
黑糯米漿,蛋白質,0.4
黑糯米漿,碳水化合物,11.6
美式咖啡(無糖),脂肪,0.1
美式咖啡(無糖),蛋白質,0.2
美式咖啡(無糖),碳水化合物,0.3
鮮奶可可,脂肪,2.7
鮮奶可可,蛋白質,2.1
鮮奶可可,碳水化合物,11.6
烏梅汁,脂肪,0.2
烏梅汁,蛋白質,0.3
烏梅汁,碳水化合物,13.8
加鹽沙士,脂肪,4.3
加鹽沙士,蛋白質,0.8
加鹽沙士,碳水化合物,5.1
拿鐵咖啡(無糖),脂肪,2
拿鐵咖啡(無糖),蛋白質,3
拿鐵咖啡(無糖),碳水化合物,3.4
鮮奶茶(無糖),脂肪,1.4
鮮奶茶(無糖),蛋白質,2
鮮奶茶(無糖),碳水化合物,1.4
西瓜汁(非原汁),脂肪,0.1
西瓜汁(非原汁),蛋白質,1.1
西瓜汁(非原汁),碳水化合物,6.1
檸檬汁(非原汁),脂肪,0.1
檸檬汁(非原汁),蛋白質,0.8
檸檬汁(非原汁),碳水化合物,7.1
木瓜牛奶,脂肪,0.6
木瓜牛奶,蛋白質,1.7
木瓜牛奶,碳水化合物,7.7
多多綠茶(全糖),脂肪,0.1
多多綠茶(全糖),蛋白質,1.1
多多綠茶(全糖),碳水化合物,11
干貝醬,脂肪,51
干貝醬,蛋白質,16.7
干貝醬,碳水化合物,8
牛肉醬,脂肪,38.9
牛肉醬,蛋白質,17
牛肉醬,碳水化合物,22.2
凱撒沙拉醬,脂肪,29.1
凱撒沙拉醬,蛋白質,1.4
凱撒沙拉醬,碳水化合物,17.3
椰漿,脂肪,23.1
椰漿,蛋白質,1.1
椰漿,碳水化合物,0
香椿醬,脂肪,56.7
香椿醬,蛋白質,8.1
香椿醬,碳水化合物,0
麻醬醬包,脂肪,64
麻醬醬包,蛋白質,13.2
麻醬醬包,碳水化合物,11.8
蕃茄義大利麵醬,脂肪,2.5
蕃茄義大利麵醬,蛋白質,3.2
蕃茄義大利麵醬,碳水化合物,8.9
洋蔥粉,脂肪,1.8
洋蔥粉,蛋白質,8.1
洋蔥粉,碳水化合物,82.1
西洋芹菜片,脂肪,6.8
西洋芹菜片,蛋白質,24.4
西洋芹菜片,碳水化合物,49.9
餐包,脂肪,14.9
餐包,蛋白質,7.2
餐包,碳水化合物,50.5
漢堡包,脂肪,7.4
漢堡包,蛋白質,9.1
漢堡包,碳水化合物,54.9
沙其馬,脂肪,24.8
沙其馬,蛋白質,5.6
沙其馬,碳水化合物,60.2
仙草凍,脂肪,0.1
仙草凍,蛋白質,0.9
仙草凍,碳水化合物,3.7
雪餅,脂肪,19.4
雪餅,蛋白質,5.8
雪餅,碳水化合物,72.3
豆干片(沙茶),脂肪,28.2
豆干片(沙茶),蛋白質,16.2
豆干片(沙茶),碳水化合物,36.4
豆干丁(五香),脂肪,18.1
豆干丁(五香),蛋白質,35.4
豆干丁(五香),碳水化合物,19.6
海綿蛋糕(圓形),脂肪,18.1
海綿蛋糕(圓形),蛋白質,5.1
海綿蛋糕(圓形),碳水化合物,40.2
糖粒甜甜圈(油炸),脂肪,19.8
糖粒甜甜圈(油炸),蛋白質,5.3
糖粒甜甜圈(油炸),碳水化合物,50.3
蜜糖甜甜圈(波/摩堤),脂肪,20.7
蜜糖甜甜圈(波/摩堤),蛋白質,2
蜜糖甜甜圈(波/摩堤),碳水化合物,50.6
肉鬆麵包,脂肪,22.9
肉鬆麵包,蛋白質,8.1
肉鬆麵包,碳水化合物,47.6
蛋塔,脂肪,21.7
蛋塔,蛋白質,4.1
蛋塔,碳水化合物,41.1
蛋塔(葡式),脂肪,25.8
蛋塔(葡式),蛋白質,3.7
蛋塔(葡式),碳水化合物,31.9
車輪餅(紅豆),脂肪,1.1
車輪餅(紅豆),蛋白質,2.1
車輪餅(紅豆),碳水化合物,42.3
車輪餅(菜脯),脂肪,5.7
車輪餅(菜脯),蛋白質,1.4
車輪餅(菜脯),碳水化合物,31.6
可頌,脂肪,26.1
可頌,蛋白質,7.3
可頌,碳水化合物,47.1
銅鑼燒,脂肪,9.9
銅鑼燒,蛋白質,3.4
銅鑼燒,碳水化合物,57.2
提拉米蘇(圓形),脂肪,25.1
提拉米蘇(圓形),蛋白質,4.4
提拉米蘇(圓形),碳水化合物,21.1
黑巧克力(85%),脂肪,46.1
黑巧克力(85%),蛋白質,10.9
黑巧克力(85%),碳水化合物,38.7
營養口糧,脂肪,8.7
營養口糧,蛋白質,6.8
營養口糧,碳水化合物,79.7
蘇打餅乾(蔬菜),脂肪,24.7
蘇打餅乾(蔬菜),蛋白質,7.8
蘇打餅乾(蔬菜),碳水化合物,64.5
包餡甜麻糬(紅豆),脂肪,2.9
包餡甜麻糬(紅豆),蛋白質,10
包餡甜麻糬(紅豆),碳水化合物,65.7
煎餅,脂肪,11.7
煎餅,蛋白質,6.3
煎餅,碳水化合物,78.3
鬆餅,脂肪,2.6
鬆餅,蛋白質,3.2
鬆餅,碳水化合物,55.1
咖啡凍,脂肪,0.2
咖啡凍,蛋白質,0.1
咖啡凍,碳水化合物,18.1
韓式泡菜,脂肪,0.4
韓式泡菜,蛋白質,2
韓式泡菜,碳水化合物,5.8
蛋餅皮,脂肪,3.7
蛋餅皮,蛋白質,5.7
蛋餅皮,碳水化合物,43.7
玉米濃湯調理包,脂肪,5.9
玉米濃湯調理包,蛋白質,4.4
玉米濃湯調理包,碳水化合物,74.7
茄汁鯖魚罐頭,脂肪,3.8
茄汁鯖魚罐頭,蛋白質,17.6
茄汁鯖魚罐頭,碳水化合物,2.8
水晶餃,脂肪,3.5
水晶餃,蛋白質,2.8
水晶餃,碳水化合物,36.8
肉羹,脂肪,14.7
肉羹,蛋白質,9.7
肉羹,碳水化合物,18.9
水煎包,脂肪,5.4
水煎包,蛋白質,4.3
水煎包,碳水化合物,25.2
豬肉餡餅,脂肪,23.3
豬肉餡餅,蛋白質,6.2
豬肉餡餅,碳水化合物,23.1
牛肉漢堡肉,脂肪,18.5
牛肉漢堡肉,蛋白質,14.4
牛肉漢堡肉,碳水化合物,6.3
冷凍蝦捲,脂肪,5.7
冷凍蝦捲,蛋白質,10.3
冷凍蝦捲,碳水化合物,16
冷凍花枝排,脂肪,7.3
冷凍花枝排,蛋白質,5.5
冷凍花枝排,碳水化合物,24.9
黑糖饅頭,脂肪,0.9
黑糖饅頭,蛋白質,6.8
黑糖饅頭,碳水化合物,50
芋頭饅頭,脂肪,0.6
芋頭饅頭,蛋白質,5.7
芋頭饅頭,碳水化合物,31.5
竹筍包,脂肪,5.5
竹筍包,蛋白質,6.9
竹筍包,碳水化合物,32.9
花捲,脂肪,1.9
花捲,蛋白質,5.7
花捲,碳水化合物,47
白葡萄酒,脂肪,0
白葡萄酒,蛋白質,0.1
白葡萄酒,碳水化合物,14.2
紅葡萄酒,脂肪,0
紅葡萄酒,蛋白質,0.1
紅葡萄酒,碳水化合物,14.8
生啤酒,脂肪,0
生啤酒,蛋白質,0.4
生啤酒,碳水化合物,8.2
啤酒,脂肪,0
啤酒,蛋白質,
啤酒,碳水化合物,8.9
陳年紹興酒,脂肪,0
陳年紹興酒,蛋白質,1.8
陳年紹興酒,碳水化合物,19.1
起酥片,脂肪,26.9
起酥片,蛋白質,6.7
起酥片,碳水化合物,33.8
蕎麥麵(乾),脂肪,1.7
蕎麥麵(乾),蛋白質,12.7
蕎麥麵(乾),碳水化合物,70.6
粳米(台南11號),脂肪,0.5
粳米(台南11號),蛋白質,6.7
粳米(台南11號),碳水化合物,77.2
雜糧中筋麵粉,脂肪,2.3
雜糧中筋麵粉,蛋白質,13.1
雜糧中筋麵粉,碳水化合物,72
雜糧高筋麵粉,脂肪,2.8
雜糧高筋麵粉,蛋白質,14.3
雜糧高筋麵粉,碳水化合物,69.6
麵線,脂肪,1.5
麵線,蛋白質,11.7
麵線,碳水化合物,72.4
米粄條,脂肪,0.9
米粄條,蛋白質,1.1
米粄條,碳水化合物,29.2
胚芽粳米(台粳10號）,脂肪,1.7
胚芽粳米(台粳10號）,蛋白質,7.3
胚芽粳米(台粳10號）,碳水化合物,77.2
發芽粳米(台粳9號）,脂肪,1.9
發芽粳米(台粳9號）,蛋白質,8.2
發芽粳米(台粳9號）,碳水化合物,74.1
冷凍烏龍麵,脂肪,0.4
冷凍烏龍麵,蛋白質,3
冷凍烏龍麵,碳水化合物,27.7
五穀米,脂肪,2.9
五穀米,蛋白質,8.7
五穀米,碳水化合物,72.9
蕎麥麵(濕),脂肪,1.5
蕎麥麵(濕),蛋白質,6.3
蕎麥麵(濕),碳水化合物,28.6
金門黃麵,脂肪,0.5
金門黃麵,蛋白質,6.4
金門黃麵,碳水化合物,31.9
粳米(高雄145號),脂肪,1
粳米(高雄145號),蛋白質,6.8
粳米(高雄145號),碳水化合物,80
冰心地瓜,脂肪,0.1
冰心地瓜,蛋白質,1.3
冰心地瓜,碳水化合物,27.5
熟蓮藕切片(水煮),脂肪,0
熟蓮藕切片(水煮),蛋白質,0.8
熟蓮藕切片(水煮),碳水化合物,16.9
蒟蒻粉,脂肪,0.2
蒟蒻粉,蛋白質,0.2
蒟蒻粉,碳水化合物,87.2
調味南瓜子(去殼),脂肪,47.9
調味南瓜子(去殼),蛋白質,30.4
調味南瓜子(去殼),碳水化合物,13.5
原味葵瓜子(去殼),脂肪,51.9
原味葵瓜子(去殼),蛋白質,22
原味葵瓜子(去殼),碳水化合物,18.7
原味腰果,脂肪,43.7
原味腰果,蛋白質,16.4
原味腰果,碳水化合物,35.2
原味杏仁果,脂肪,49.8
原味杏仁果,蛋白質,21.9
原味杏仁果,碳水化合物,23.2
原味松子仁,脂肪,69
原味松子仁,蛋白質,14.5
原味松子仁,碳水化合物,13
原味夏威夷豆,脂肪,71.6
原味夏威夷豆,蛋白質,7.5
原味夏威夷豆,碳水化合物,18.2
甜核桃,脂肪,67.4
甜核桃,蛋白質,14.4
甜核桃,碳水化合物,14.7
原味榛果,脂肪,66.5
原味榛果,蛋白質,13
原味榛果,碳水化合物,17.2
橙蕃茄,脂肪,0.2
橙蕃茄,蛋白質,1.2
橙蕃茄,碳水化合物,7
黃金小蕃茄,脂肪,0.2
黃金小蕃茄,蛋白質,0.8
黃金小蕃茄,碳水化合物,6.8
鳳光西瓜,脂肪,0.2
鳳光西瓜,蛋白質,0.7
鳳光西瓜,碳水化合物,6.5
土植小白菜(3月取樣),脂肪,0.1
土植小白菜(3月取樣),蛋白質,1.6
土植小白菜(3月取樣),碳水化合物,1.9
土植青江菜(3月取樣),脂肪,0.2
土植青江菜(3月取樣),蛋白質,0.4
土植青江菜(3月取樣),碳水化合物,2.3
土植本島萵苣(3月取樣),脂肪,0.3
土植本島萵苣(3月取樣),蛋白質,0.3
土植本島萵苣(3月取樣),碳水化合物,3.8
水蕹菜,脂肪,0.5
水蕹菜,蛋白質,2.6
水蕹菜,碳水化合物,3.3
青花菜筍,脂肪,0.5
青花菜筍,蛋白質,3
青花菜筍,碳水化合物,5.1
黃胡蘿蔔,脂肪,0.3
黃胡蘿蔔,蛋白質,1.1
黃胡蘿蔔,碳水化合物,9.4
杏鮑菇(大),脂肪,0.1
杏鮑菇(大),蛋白質,2.4
杏鮑菇(大),碳水化合物,7.5
銀耳,脂肪,0.2
銀耳,蛋白質,0.5
銀耳,碳水化合物,4.8
華翠菇,脂肪,0.2
華翠菇,蛋白質,2.5
華翠菇,碳水化合物,5.1
黑豆胚芽,脂肪,7.1
黑豆胚芽,蛋白質,19.2
黑豆胚芽,碳水化合物,11.8
黃豆胚芽,脂肪,7
黃豆胚芽,蛋白質,16.8
黃豆胚芽,碳水化合物,15.7
黃仁黑豆,脂肪,2.1
黃仁黑豆,蛋白質,20.6
黃仁黑豆,碳水化合物,40.3
牛五花肉火鍋片,脂肪,40.3
牛五花肉火鍋片,蛋白質,15.7
牛五花肉火鍋片,碳水化合物,0
牛紐約客火鍋片,脂肪,19.6
牛紐約客火鍋片,蛋白質,20.1
牛紐約客火鍋片,碳水化合物,0
牛嫩肩里肌火鍋片,脂肪,11.4
牛嫩肩里肌火鍋片,蛋白質,20
牛嫩肩里肌火鍋片,碳水化合物,1.8
日本玻璃蝦,脂肪,1.5
日本玻璃蝦,蛋白質,16.2
日本玻璃蝦,碳水化合物,2
青星九刺鮨魚片,脂肪,0.8
青星九刺鮨魚片,蛋白質,22.6
青星九刺鮨魚片,碳水化合物,0
魚翅唇,脂肪,0.6
魚翅唇,蛋白質,9.9
魚翅唇,碳水化合物,0
芒果乾,脂肪,0.4
芒果乾,蛋白質,0.6
芒果乾,碳水化合物,90.6
芒果青,脂肪,0.3
芒果青,蛋白質,0.6
芒果青,碳水化合物,54.4
葡萄乾,脂肪,0.9
葡萄乾,蛋白質,3.2
葡萄乾,碳水化合物,79.3
咖啡豆(曼特寧),脂肪,14.9
咖啡豆(曼特寧),蛋白質,13.9
咖啡豆(曼特寧),碳水化合物,65.1
鹹豆漿,脂肪,1.8
鹹豆漿,蛋白質,3.5
鹹豆漿,碳水化合物,1.7
紫米酒釀,脂肪,0.4
紫米酒釀,蛋白質,4.2
紫米酒釀,碳水化合物,33.6
菱角仁(生),脂肪,0.3
菱角仁(生),蛋白質,4.1
菱角仁(生),碳水化合物,24.1
菱角(生),脂肪,0.3
菱角(生),蛋白質,1.9
菱角(生),碳水化合物,16.1
杏仁片(熟),脂肪,56.9
杏仁片(熟),蛋白質,23.4
杏仁片(熟),碳水化合物,14.8
亞麻仁籽,脂肪,40.3
亞麻仁籽,蛋白質,20.8
亞麻仁籽,碳水化合物,28.1
栗子仁(生),脂肪,0.7
栗子仁(生),蛋白質,3.7
栗子仁(生),碳水化合物,38.7
亞麻仁籽粉,脂肪,47.4
亞麻仁籽粉,蛋白質,21.4
亞麻仁籽粉,碳水化合物,27.3
美人蕉,脂肪,0.1
美人蕉,蛋白質,1.5
美人蕉,碳水化合物,29.2
蘋果蕉,脂肪,0.3
蘋果蕉,蛋白質,1.3
蘋果蕉,碳水化合物,24
桑葚果醬,脂肪,0.4
桑葚果醬,蛋白質,0.9
桑葚果醬,碳水化合物,54.9
紅寶石洋香瓜,脂肪,0
紅寶石洋香瓜,蛋白質,1.2
紅寶石洋香瓜,碳水化合物,9.6
胭脂梅,脂肪,0.1
胭脂梅,蛋白質,0.5
胭脂梅,碳水化合物,8.8
新世紀哈密瓜,脂肪,0
新世紀哈密瓜,蛋白質,0.7
新世紀哈密瓜,碳水化合物,10.1
蜜棗李(進口),脂肪,0.2
蜜棗李(進口),蛋白質,0.6
蜜棗李(進口),碳水化合物,13.6
萊姆,脂肪,1
萊姆,蛋白質,0.5
萊姆,碳水化合物,7.7
黑柿蕃茄,脂肪,0.1
黑柿蕃茄,蛋白質,0.4
黑柿蕃茄,碳水化合物,5.6
香華洋香瓜,脂肪,0
香華洋香瓜,蛋白質,0.7
香華洋香瓜,碳水化合物,7.7
七股香洋香瓜,脂肪,0.1
七股香洋香瓜,蛋白質,0.6
七股香洋香瓜,碳水化合物,10.5
香瓜茄,脂肪,0.1
香瓜茄,蛋白質,0.4
香瓜茄,碳水化合物,6.2
紅心芭樂,脂肪,0.1
紅心芭樂,蛋白質,0.8
紅心芭樂,碳水化合物,10.7
紅寶石蓮霧,脂肪,0.3
紅寶石蓮霧,蛋白質,0.3
紅寶石蓮霧,碳水化合物,8.1
"北蕉(0天,綠皮)",脂肪,0.3
"北蕉(0天,綠皮)",蛋白質,1.3
"北蕉(0天,綠皮)",碳水化合物,23.3
北蕉(1天),脂肪,0.3
北蕉(1天),蛋白質,1.4
北蕉(1天),碳水化合物,22.2
北蕉(3天),脂肪,0.3
北蕉(3天),蛋白質,1.4
北蕉(3天),碳水化合物,21.3
北蕉(7天),脂肪,0.2
北蕉(7天),蛋白質,1.3
北蕉(7天),碳水化合物,17.1
富士蘋果(帶皮),脂肪,0.1
富士蘋果(帶皮),蛋白質,0.2
富士蘋果(帶皮),碳水化合物,11.9
翠玉青蘋果(帶皮),脂肪,0.2
翠玉青蘋果(帶皮),蛋白質,0.4
翠玉青蘋果(帶皮),碳水化合物,14.1
日本甜葱,脂肪,0.1
日本甜葱,蛋白質,1
日本甜葱,碳水化合物,7.6
日本茼蒿,脂肪,0.2
日本茼蒿,蛋白質,2.6
日本茼蒿,碳水化合物,1.8
青花菜芽,脂肪,0.6
青花菜芽,蛋白質,2.4
青花菜芽,碳水化合物,3.6
酸甘藍菜,脂肪,0.2
酸甘藍菜,蛋白質,1.4
酸甘藍菜,碳水化合物,4.2
菠菜(葉),脂肪,0.4
菠菜(葉),蛋白質,3.9
菠菜(葉),碳水化合物,2.5
塔菇菜,脂肪,0.2
塔菇菜,蛋白質,2.7
塔菇菜,碳水化合物,0.5
黃金菾菜,脂肪,0.2
黃金菾菜,蛋白質,2.4
黃金菾菜,碳水化合物,2.6
廣島野菜,脂肪,0.1
廣島野菜,蛋白質,2
廣島野菜,碳水化合物,0.3
菾菜,脂肪,0.1
菾菜,蛋白質,2
菾菜,碳水化合物,3.7
紫高麗芽,脂肪,0.7
紫高麗芽,蛋白質,0.2
紫高麗芽,碳水化合物,6.6
白果,脂肪,1.2
白果,蛋白質,4.1
白果,碳水化合物,28.9
粉薑,脂肪,0.3
粉薑,蛋白質,1
粉薑,碳水化合物,6.1
向陽二號胡蘿蔔,脂肪,0.1
向陽二號胡蘿蔔,蛋白質,0.6
向陽二號胡蘿蔔,碳水化合物,10.6
小麥苗,脂肪,0.5
小麥苗,蛋白質,3.3
小麥苗,碳水化合物,5.5
蔘鬚,脂肪,1.8
蔘鬚,蛋白質,7
蔘鬚,碳水化合物,76.2
乾長辣椒(紅皮),脂肪,17.2
乾長辣椒(紅皮),蛋白質,19.9
乾長辣椒(紅皮),碳水化合物,47.6
明日葉,脂肪,0.8
明日葉,蛋白質,1.4
明日葉,碳水化合物,11.9
珍珠小白菜,脂肪,0.1
珍珠小白菜,蛋白質,1.5
珍珠小白菜,碳水化合物,1.7
糯米椒,脂肪,0.3
糯米椒,蛋白質,1.2
糯米椒,碳水化合物,5.6
壽司海苔片,脂肪,3.7
壽司海苔片,蛋白質,46.5
壽司海苔片,碳水化合物,32.1
紅毛苔,脂肪,1.9
紅毛苔,蛋白質,39.9
紅毛苔,碳水化合物,36.9
鳳尾藻,脂肪,2
鳳尾藻,蛋白質,17.9
鳳尾藻,碳水化合物,41.2
寒天脆藻,脂肪,0
寒天脆藻,蛋白質,0
寒天脆藻,碳水化合物,2.5
白蠔菇,脂肪,0.3
白蠔菇,蛋白質,2.2
白蠔菇,碳水化合物,6.4
雪珍耳,脂肪,0.1
雪珍耳,蛋白質,1.2
雪珍耳,碳水化合物,10.6
白精靈菇,脂肪,0.4
白精靈菇,蛋白質,2.1
白精靈菇,碳水化合物,6.9
玫瑰菇,脂肪,0.1
玫瑰菇,蛋白質,4.5
玫瑰菇,碳水化合物,5.6
杏香菇,脂肪,0.1
杏香菇,蛋白質,2.7
杏香菇,碳水化合物,4.6
雞腿菇,脂肪,0.1
雞腿菇,蛋白質,2.1
雞腿菇,碳水化合物,7.5
舞菇,脂肪,0.1
舞菇,蛋白質,1.4
舞菇,碳水化合物,5.8
杏鮑菇(小),脂肪,0.3
杏鮑菇(小),蛋白質,3.2
杏鮑菇(小),碳水化合物,9.2
天喜菇,脂肪,0.5
天喜菇,蛋白質,4.5
天喜菇,碳水化合物,2.5
毛綠豆,脂肪,1.2
毛綠豆,蛋白質,22.1
毛綠豆,碳水化合物,63.6
紅雲豆(大紅豆),脂肪,1.4
紅雲豆(大紅豆),蛋白質,20.2
紅雲豆(大紅豆),碳水化合物,60.4
佃煮黑豆,脂肪,6.2
佃煮黑豆,蛋白質,10.5
佃煮黑豆,碳水化合物,43.5
豆漿(無糖),脂肪,1.9
豆漿(無糖),蛋白質,3.6
豆漿(無糖),碳水化合物,0.7
黑豆干,脂肪,12.5
黑豆干,蛋白質,19
黑豆干,碳水化合物,2.1
寬粉,脂肪,0.1
寬粉,蛋白質,0.1
寬粉,碳水化合物,86.9
帶殼花生(生鮮),脂肪,27.2
帶殼花生(生鮮),蛋白質,15.3
帶殼花生(生鮮),碳水化合物,12.2
紅扁豆仁,脂肪,2.1
紅扁豆仁,蛋白質,25.3
紅扁豆仁,碳水化合物,58.3
豬頸肉,脂肪,23.3
豬頸肉,蛋白質,17.2
豬頸肉,碳水化合物,0.8
鴕鳥沙朗肉排,脂肪,0.8
鴕鳥沙朗肉排,蛋白質,20.9
鴕鳥沙朗肉排,碳水化合物,6.1
豬皮,脂肪,44
豬皮,蛋白質,22.1
豬皮,碳水化合物,0
雞尾椎,脂肪,52.4
雞尾椎,蛋白質,7.6
雞尾椎,碳水化合物,0
豬粉腸,脂肪,14
豬粉腸,蛋白質,11.8
豬粉腸,碳水化合物,11
櫻桃鴨胸肉片,脂肪,17.2
櫻桃鴨胸肉片,蛋白質,16.7
櫻桃鴨胸肉片,碳水化合物,4.7
鬚赤蝦仁,脂肪,0.7
鬚赤蝦仁,蛋白質,17.1
鬚赤蝦仁,碳水化合物,0
金鉤蝦乾,脂肪,2.6
金鉤蝦乾,蛋白質,54.6
金鉤蝦乾,碳水化合物,0
日本鰻鱺魚片(生),脂肪,19.6
日本鰻鱺魚片(生),蛋白質,18.1
日本鰻鱺魚片(生),碳水化合物,0
日本鰻鱺魚片(蒲燒),脂肪,18.7
日本鰻鱺魚片(蒲燒),蛋白質,25
日本鰻鱺魚片(蒲燒),碳水化合物,0.9
翻車魨腹肉,脂肪,0.4
翻車魨腹肉,蛋白質,10.2
翻車魨腹肉,碳水化合物,0.7
翻車魨魚皮,脂肪,0.1
翻車魨魚皮,蛋白質,13.7
翻車魨魚皮,碳水化合物,0
正櫻蝦(生),脂肪,1.3
正櫻蝦(生),蛋白質,17.9
正櫻蝦(生),碳水化合物,0
正櫻蝦(熟),脂肪,1.4
正櫻蝦(熟),蛋白質,19.6
正櫻蝦(熟),碳水化合物,0
干貝(冷凍),脂肪,0.4
干貝(冷凍),蛋白質,12.7
干貝(冷凍),碳水化合物,1.7
鞍帶石斑魚片,脂肪,8.2
鞍帶石斑魚片,蛋白質,19.1
鞍帶石斑魚片,碳水化合物,0.2
竹蟶(冷凍),脂肪,0.3
竹蟶(冷凍),蛋白質,9
竹蟶(冷凍),碳水化合物,1.2
冷凍花枝漿,脂肪,12.6
冷凍花枝漿,蛋白質,11.2
冷凍花枝漿,碳水化合物,17.1
鴨蛋,脂肪,14.4
鴨蛋,蛋白質,13.1
鴨蛋,碳水化合物,0.2
金時地瓜,脂肪,0.4
金時地瓜,蛋白質,1.6
金時地瓜,碳水化合物,31.3
菱角牛奶地瓜,脂肪,0.3
菱角牛奶地瓜,蛋白質,1.9
菱角牛奶地瓜,碳水化合物,29.9
楊桃(4月取樣),脂肪,0.1
楊桃(4月取樣),蛋白質,0.7
楊桃(4月取樣),碳水化合物,8.1
迷你竹筍白菜,脂肪,0.1
迷你竹筍白菜,蛋白質,1.3
迷你竹筍白菜,碳水化合物,3.8
栗子南瓜,脂肪,0.2
栗子南瓜,蛋白質,1.4
栗子南瓜,碳水化合物,20.7
鵪鶉滷蛋,脂肪,14.3
鵪鶉滷蛋,蛋白質,16.2
鵪鶉滷蛋,碳水化合物,11.1
赤鰭笛鯛,脂肪,0.1
赤鰭笛鯛,蛋白質,20.4
赤鰭笛鯛,碳水化合物,0
粳米平均值,脂肪,0.7
粳米平均值,蛋白質,7
粳米平均值,碳水化合物,77.8
秈米平均值,脂肪,0.9
秈米平均值,蛋白質,7.8
秈米平均值,碳水化合物,77.4
山藥平均值,脂肪,0.1
山藥平均值,蛋白質,2.9
山藥平均值,碳水化合物,18.2
米粉平均值,脂肪,0.8
米粉平均值,蛋白質,2.1
米粉平均值,碳水化合物,85.3
芋頭平均值,脂肪,0.8
芋頭平均值,蛋白質,2
芋頭平均值,碳水化合物,25.8
木瓜平均值,脂肪,0.1
木瓜平均值,蛋白質,0.6
木瓜平均值,碳水化合物,9.9
西瓜平均值(紅肉小瓜),脂肪,0.1
西瓜平均值(紅肉小瓜),蛋白質,0.8
西瓜平均值(紅肉小瓜),碳水化合物,8
西瓜平均值(黃肉小瓜),脂肪,0.1
西瓜平均值(黃肉小瓜),蛋白質,0.7
西瓜平均值(黃肉小瓜),碳水化合物,7.3
李子平均值(青皮黃肉),脂肪,0.4
李子平均值(青皮黃肉),蛋白質,0.7
李子平均值(青皮黃肉),碳水化合物,11.7
李子平均值(紅皮紅肉),脂肪,0.3
李子平均值(紅皮紅肉),蛋白質,0.6
李子平均值(紅皮紅肉),碳水化合物,9.6
李子平均值(紅皮黃肉),脂肪,0.3
李子平均值(紅皮黃肉),蛋白質,0.7
李子平均值(紅皮黃肉),碳水化合物,11.9
芒果平均值(西洋種),脂肪,0.2
芒果平均值(西洋種),蛋白質,0.6
芒果平均值(西洋種),碳水化合物,13
芒果平均值(新興種),脂肪,0.2
芒果平均值(新興種),蛋白質,0.6
芒果平均值(新興種),碳水化合物,14.4
檸檬汁平均值,脂肪,0.4
檸檬汁平均值,蛋白質,0.5
檸檬汁平均值,碳水化合物,7
北蕉平均值,脂肪,0.1
北蕉平均值,蛋白質,1.5
北蕉平均值,碳水化合物,22.1
荔枝平均值,脂肪,0.2
荔枝平均值,蛋白質,1
荔枝平均值,碳水化合物,16.5
西洋梨平均值,脂肪,0.2
西洋梨平均值,蛋白質,0.3
西洋梨平均值,碳水化合物,14.1
甜瓜平均值(光皮洋香瓜),脂肪,0.1
甜瓜平均值(光皮洋香瓜),蛋白質,0.9
甜瓜平均值(光皮洋香瓜),碳水化合物,7.2
甜瓜平均值(東洋系脆瓜),脂肪,0.2
甜瓜平均值(東洋系脆瓜),蛋白質,1
甜瓜平均值(東洋系脆瓜),碳水化合物,8.9
甜瓜平均值(網紋洋香瓜),脂肪,0
甜瓜平均值(網紋洋香瓜),蛋白質,0.9
甜瓜平均值(網紋洋香瓜),碳水化合物,9.3
印度棗平均值(大),脂肪,0.1
印度棗平均值(大),蛋白質,1.1
印度棗平均值(大),碳水化合物,10.7
芭樂平均值(白肉),脂肪,0.1
芭樂平均值(白肉),蛋白質,0.7
芭樂平均值(白肉),碳水化合物,9.6
大番茄平均值(紅色系),脂肪,0.1
大番茄平均值(紅色系),蛋白質,0.8
大番茄平均值(紅色系),碳水化合物,4.1
大番茄平均值(綠色系),脂肪,0.1
大番茄平均值(綠色系),蛋白質,0.7
大番茄平均值(綠色系),碳水化合物,5
小番茄平均值(紅色系),脂肪,0.2
小番茄平均值(紅色系),蛋白質,0.9
小番茄平均值(紅色系),碳水化合物,7.3
楊桃平均值,脂肪,0.1
楊桃平均值,蛋白質,0.5
楊桃平均值,碳水化合物,8.2
綠葡萄平均值,脂肪,0.2
綠葡萄平均值,蛋白質,0.5
綠葡萄平均值,碳水化合物,15.3
酪梨平均值(綠皮),脂肪,4.8
酪梨平均值(綠皮),蛋白質,1.5
酪梨平均值(綠皮),碳水化合物,7.5
鳳梨平均值(雜交種),脂肪,0.1
鳳梨平均值(雜交種),蛋白質,0.7
鳳梨平均值(雜交種),碳水化合物,13.6
蓮霧平均值(粉紅色種),脂肪,0.2
蓮霧平均值(粉紅色種),蛋白質,0.4
蓮霧平均值(粉紅色種),碳水化合物,9
蘋果平均值(青皮),脂肪,0.2
蘋果平均值(青皮),蛋白質,0.3
蘋果平均值(青皮),碳水化合物,13
蘋果平均值(混色),脂肪,0.1
蘋果平均值(混色),蛋白質,0.2
蘋果平均值(混色),碳水化合物,13.9
甜橙平均值(普遍系),脂肪,0.2
甜橙平均值(普遍系),蛋白質,0.8
甜橙平均值(普遍系),碳水化合物,11.4
水蜜桃平均值,脂肪,0.2
水蜜桃平均值,蛋白質,0.9
水蜜桃平均值,碳水化合物,9.7
胡蘿蔔平均值,脂肪,0.1
胡蘿蔔平均值,蛋白質,1.1
胡蘿蔔平均值,碳水化合物,8.9
白蘿蔔平均值,脂肪,0.1
白蘿蔔平均值,蛋白質,0.5
白蘿蔔平均值,碳水化合物,3.9
綠蘆筍平均值,脂肪,0.2
綠蘆筍平均值,蛋白質,2.4
綠蘆筍平均值,碳水化合物,3.6
青葱平均值,脂肪,0.2
青葱平均值,蛋白質,1.4
青葱平均值,碳水化合物,6
甘藍平均值,脂肪,0.1
甘藍平均值,蛋白質,1.3
甘藍平均值,碳水化合物,4.8
不結球白菜平均值,脂肪,0.2
不結球白菜平均值,蛋白質,1.5
不結球白菜平均值,碳水化合物,2.2
小白菜平均值,脂肪,0.2
小白菜平均值,蛋白質,1.2
小白菜平均值,碳水化合物,1.9
青江菜平均值,脂肪,0.1
青江菜平均值,蛋白質,1.3
青江菜平均值,碳水化合物,2.1
結球白菜平均值,脂肪,0.3
結球白菜平均值,蛋白質,1.2
結球白菜平均值,碳水化合物,2.9
芹菜平均值,脂肪,0.1
芹菜平均值,蛋白質,0.8
芹菜平均值,碳水化合物,3.1
芥菜平均值,脂肪,0.2
芥菜平均值,蛋白質,1.5
芥菜平均值,碳水化合物,3.5
不結球萵苣平均值,脂肪,0.3
不結球萵苣平均值,蛋白質,1.1
不結球萵苣平均值,碳水化合物,2.8
本島萵苣平均值,脂肪,0.2
本島萵苣平均值,蛋白質,1.2
本島萵苣平均值,碳水化合物,2.7
蕹菜平均值,脂肪,0.3
蕹菜平均值,蛋白質,2
蕹菜平均值,碳水化合物,3.5
冬瓜平均值,脂肪,0.1
冬瓜平均值,蛋白質,0.4
冬瓜平均值,碳水化合物,2.4
南瓜平均值,脂肪,0.2
南瓜平均值,蛋白質,1.9
南瓜平均值,碳水化合物,17.3
蒲瓜平均值,脂肪,0.1
蒲瓜平均值,蛋白質,0.5
蒲瓜平均值,碳水化合物,4
茄子平均值,脂肪,0.1
茄子平均值,蛋白質,1.1
茄子平均值,碳水化合物,4.9
蛇瓜平均值,脂肪,0.5
蛇瓜平均值,蛋白質,1.7
蛇瓜平均值,碳水化合物,4.4
甜椒平均值(青皮),脂肪,0.4
甜椒平均值(青皮),蛋白質,1
甜椒平均值(青皮),碳水化合物,5.9
紅辣椒平均值,脂肪,0.9
紅辣椒平均值,蛋白質,3.6
紅辣椒平均值,碳水化合物,16.4
青辣椒平均值,脂肪,0.3
青辣椒平均值,蛋白質,1.3
青辣椒平均值,碳水化合物,6.9
甜柿平均值,脂肪,0.1
甜柿平均值,蛋白質,0.5
甜柿平均值,碳水化合物,15.2
苦瓜平均值,脂肪,0.1
苦瓜平均值,蛋白質,0.9
苦瓜平均值,碳水化合物,4.2
可可椰子汁平均值,脂肪,0
可可椰子汁平均值,蛋白質,0.1
可可椰子汁平均值,碳水化合物,4.9
海帶平均值,脂肪,0.1
海帶平均值,蛋白質,0.8
海帶平均值,碳水化合物,4.3
乾木耳平均值,脂肪,0.7
乾木耳平均值,蛋白質,13.8
乾木耳平均值,碳水化合物,74.7
香菇平均值,脂肪,0.1
香菇平均值,蛋白質,3
香菇平均值,碳水化合物,7.6
乾香菇平均值,脂肪,1.6
乾香菇平均值,蛋白質,20.9
乾香菇平均值,碳水化合物,64.9
鮑魚菇平均值,脂肪,0.2
鮑魚菇平均值,蛋白質,1.9
鮑魚菇平均值,碳水化合物,4.4
白鳳豆平均值,脂肪,2.1
白鳳豆平均值,蛋白質,23.8
白鳳豆平均值,碳水化合物,58.2
毛豆平均值,脂肪,2.5
毛豆平均值,蛋白質,13.8
毛豆平均值,碳水化合物,13.7
豌豆莢平均值,脂肪,0.1
豌豆莢平均值,蛋白質,2.7
豌豆莢平均值,碳水化合物,8.5
牛小排平均值,脂肪,28.9
牛小排平均值,蛋白質,15.1
牛小排平均值,碳水化合物,0
牛肚平均值,脂肪,1.5
牛肚平均值,蛋白質,13.9
牛肚平均值,碳水化合物,0
豬骨湯平均值,脂肪,0.4
豬骨湯平均值,蛋白質,0.9
豬骨湯平均值,碳水化合物,0
豬腳平均值,脂肪,18.2
豬腳平均值,蛋白質,20.7
豬腳平均值,碳水化合物,0
全雞平均值,脂肪,15.6
全雞平均值,蛋白質,17.7
全雞平均值,碳水化合物,0
里肌肉平均值,脂肪,0.6
里肌肉平均值,蛋白質,24.2
里肌肉平均值,碳水化合物,0
去皮清肉平均值,脂肪,2.1
去皮清肉平均值,蛋白質,23.3
去皮清肉平均值,碳水化合物,0
骨腿平均值,脂肪,10.5
骨腿平均值,蛋白質,18
骨腿平均值,碳水化合物,0
清腿平均值,脂肪,8.7
清腿平均值,蛋白質,18.5
清腿平均值,碳水化合物,0
棒棒腿平均值,脂肪,7.7
棒棒腿平均值,蛋白質,18.9
棒棒腿平均值,碳水化合物,0
雞排平均值,脂肪,12.2
雞排平均值,蛋白質,17.1
雞排平均值,碳水化合物,0
二節翅平均值,脂肪,16.8
二節翅平均值,蛋白質,18.1
二節翅平均值,碳水化合物,0
三節翅平均值,脂肪,14.6
三節翅平均值,蛋白質,18.3
三節翅平均值,碳水化合物,0
全鴨平均值,脂肪,22
全鴨平均值,蛋白質,17.1
全鴨平均值,碳水化合物,0
豬絞肉平均值,脂肪,14.6
豬絞肉平均值,蛋白質,18.7
豬絞肉平均值,碳水化合物,0
全鴨平均值(去皮),脂肪,2.1
全鴨平均值(去皮),蛋白質,20.5
全鴨平均值(去皮),碳水化合物,0
魩仔魚平均值(加工),脂肪,1.3
魩仔魚平均值(加工),蛋白質,26.2
魩仔魚平均值(加工),碳水化合物,1
虱目魚平均值(去皮),脂肪,9.5
虱目魚平均值(去皮),蛋白質,21.8
虱目魚平均值(去皮),碳水化合物,0.2
鯔平均值(去皮),脂肪,7.1
鯔平均值(去皮),蛋白質,20.6
鯔平均值(去皮),碳水化合物,0.3
日本花鱸平均值,脂肪,1.5
日本花鱸平均值,蛋白質,19.9
日本花鱸平均值,碳水化合物,0.9
真鯛平均值(去皮),脂肪,2.5
真鯛平均值(去皮),蛋白質,20.6
真鯛平均值(去皮),碳水化合物,0.2
銀鯧平均值(去皮),脂肪,4.4
銀鯧平均值(去皮),蛋白質,17.7
銀鯧平均值(去皮),碳水化合物,0.2
白對蝦平均值,脂肪,1
白對蝦平均值,蛋白質,21.9
白對蝦平均值,碳水化合物,0
真牡蠣平均值,脂肪,1.6
真牡蠣平均值,蛋白質,9.4
真牡蠣平均值,碳水化合物,4.2
真烏賊平均值,脂肪,0.6
真烏賊平均值,蛋白質,12.2
真烏賊平均值,碳水化合物,3.7
大西洋鮭魚平均值(去皮),脂肪,14.9
大西洋鮭魚平均值(去皮),蛋白質,20.2
大西洋鮭魚平均值(去皮),碳水化合物,0
日本對蝦平均值,脂肪,0.7
日本對蝦平均值,蛋白質,21.3
日本對蝦平均值,碳水化合物,0.4
干貝(乾)平均值,脂肪,1.4
干貝(乾)平均值,蛋白質,53.7
干貝(乾)平均值,碳水化合物,10.8
雞蛋平均值,脂肪,8.8
雞蛋平均值,蛋白質,12.5
雞蛋平均值,碳水化合物,1.8
雞蛋白平均值,脂肪,0.1
雞蛋白平均值,蛋白質,11.2
雞蛋白平均值,碳水化合物,0.5
雞蛋黃平均值,脂肪,26.8
雞蛋黃平均值,蛋白質,15.2
雞蛋黃平均值,碳水化合物,3.6
茶葉蛋平均值,脂肪,9.1
茶葉蛋平均值,蛋白質,13.7
茶葉蛋平均值,碳水化合物,2.2
滷蛋平均值,脂肪,11.1
滷蛋平均值,蛋白質,16.4
滷蛋平均值,碳水化合物,4.6
滷蛋白平均值,脂肪,0.2
滷蛋白平均值,蛋白質,16.7
滷蛋白平均值,碳水化合物,4.6
滷蛋黃平均值,脂肪,33.7
滷蛋黃平均值,蛋白質,17
滷蛋黃平均值,碳水化合物,1.9
蒸蛋平均值,脂肪,4.6
蒸蛋平均值,蛋白質,5.3
蒸蛋平均值,碳水化合物,2.2
鴨鹹蛋平均值,脂肪,14.1
鴨鹹蛋平均值,蛋白質,13.3
鴨鹹蛋平均值,碳水化合物,1.1
全脂鮮乳平均值,脂肪,3.6
全脂鮮乳平均值,蛋白質,3
全脂鮮乳平均值,碳水化合物,4.8
部份脫脂奶粉平均值,脂肪,14
部份脫脂奶粉平均值,蛋白質,28.2
部份脫脂奶粉平均值,碳水化合物,48.9
脫脂奶粉平均值,脂肪,0.9
脫脂奶粉平均值,蛋白質,37.1
脫脂奶粉平均值,碳水化合物,50
全脂羊奶粉平均值,脂肪,30.3
全脂羊奶粉平均值,蛋白質,26.3
全脂羊奶粉平均值,碳水化合物,35
牛油平均值,脂肪,85.5
牛油平均值,蛋白質,0
牛油平均值,碳水化合物,2.4
米油平均值,脂肪,99.9
米油平均值,蛋白質,0
米油平均值,碳水化合物,0
茶油平均值,脂肪,99.9
茶油平均值,蛋白質,0
茶油平均值,碳水化合物,0
奶油平均值(固態),脂肪,80.1
奶油平均值(固態),蛋白質,0.6
奶油平均值(固態),碳水化合物,2.3
雞皮蛋平均值,脂肪,8.1
雞皮蛋平均值,蛋白質,12.5
雞皮蛋平均值,碳水化合物,3
白粳糯米平均值,脂肪,0.8
白粳糯米平均值,蛋白質,8.3
白粳糯米平均值,碳水化合物,77.4
胚芽粳米平均值,脂肪,1.6
胚芽粳米平均值,蛋白質,8.2
胚芽粳米平均值,碳水化合物,76.8
發芽粳米平均值,脂肪,2.3
發芽粳米平均值,蛋白質,7.8
發芽粳米平均值,碳水化合物,74
糙粳米平均值,脂肪,2.5
糙粳米平均值,蛋白質,8.2
糙粳米平均值,碳水化合物,75.1
黃皮馬鈴薯平均值,脂肪,0.1
黃皮馬鈴薯平均值,蛋白質,2.2
黃皮馬鈴薯平均值,碳水化合物,14.3
脆桃平均值,脂肪,0.1
脆桃平均值,蛋白質,0.9
脆桃平均值,碳水化合物,11.1
小番茄平均值(橙色系),脂肪,0.2
小番茄平均值(橙色系),蛋白質,1.1
小番茄平均值(橙色系),碳水化合物,6.9
杏鮑菇平均值,脂肪,0.2
杏鮑菇平均值,蛋白質,2.7
杏鮑菇平均值,碳水化合物,8.3
黑豆平均值,脂肪,8.2
黑豆平均值,蛋白質,28.8
黑豆平均值,碳水化合物,37
牛肉火鍋片平均值,脂肪,18.7
牛肉火鍋片平均值,蛋白質,19.1
牛肉火鍋片平均值,碳水化合物,0
青星九刺鮨平均值,脂肪,0.5
青星九刺鮨平均值,蛋白質,20.9
青星九刺鮨平均值,碳水化合物,0
